댓글	가성비	청결	맛	분위기	친절
요즘 마들젠에 카버샌 먹는 낙으로 살고 있는 1인 입니다:) 몇 달 전부터 후기로만 보다가 저번주에 첫 구매 성공했네요!! 원래 그 전 주에 가고 싶었지만 오픈 전에 대기 마감 될 줄 몰랐어요. ㅜ 분명 제가 눈팅만 할 때는 이정도는 아니였던 것 같은데 나날이 인기가 올라가는 걸 보고 이제 사먹을 때다 생각하고 구매했네요! 전 가는데 오래걸려 5시 일어나야 돼요 ㅜㅜ 2주를 그렇게 했는데 대기할만한 맛입니다!!  매 주 다른 신메뉴도 너무 맛있고요!  먼저 카버샌은 카라멜 맛 너무!!좋아요 조합도 최고고요. 사러 갈 때는 너무 힘들었는데 먹고나면 행복한 맛입니다. 에그타르트는 푸딩같아여. 고소하고 맛있는 우유푸딩이요! 여기는 빵도 빵이지만 크림맛집인듯합니다. 단맛을 바나나 옥수수 아몬드 다른데 맛있게 내요!	0	1	1	0	0
3주째 부지런히 움직히 구매했습니다!  어떻게 이렇게 맛있죠? 제가 딱 좋아하는 맛이예요! 에그타르트는 푸딩같고, 카버샌은 은은히 달면서 고소하고 고급져요 ㅜㅜ 초코바나나!!!! 크림 너무 맛있어요! 진짜 여긴 크림을 너무 맛있게 만느는것 같아요. ㅜ 이렇게 맛난 디저트 감사해요 ㅎㅎㅎㅎㅎ 1시간 걸리는 거리지만 갈만한 맛입니다! ㅜㅜ 	0	0	1	0	0
반년전부터 마들젠먹어볼까?고민하다가 드디어 마음먹고 포장했어요. 8시반에 갔더니 대기번호3번이였고 10시14분에 번호가 마감 되었다고 인스타게시물이 올라오더라고요. 번호표를 받고 시간맞춰오면 되는 시스템이라 편하고 좋았어요.  기존카버샌과 할로윈시즌귀요미모자카버샌, 호두생크림이 올라간 브라우니, 에그타르트, 헤이즐넛카라멜버터바를 구매했어요. 친절하고 신속꼼꼼하게 결제,포장해주셔서 좋았습니다! 반년전에 왜 안먹었는지 후회될 정도로 브라우니는 호두생크림이랑 조합이 찰떡이고 에그타르트도 달달촉촉든든하고 버터바도 달달바삭하니 다 좋았어요. 근데 카버샌이 1인당10개밖에 안되는 건 정말...말도 안되는 일이에요...너무 취향저격맛이라 한조각이 뱃속으로 들어갈때마다 눈물이 날것같아요..8ㅅ8그래서 담주에주문도전하려구요	0	1	1	0	1
신메뉴 꼭 먹고싶어 바로 갔습니다 !!  집가서 바로 입 속으로 넣었습니다. 고소함이 더 플러스 되는 맛이더라구요!! 한마디로 맛있다는 말입니다🥲🥲 원래 피스타치오 좋아해서 사실 더 향이 났으면 좋겠지만 처음 먹는사람도 무난히 먹을 수 있어요! 	0	1	1	1	1
우연한 계기로 알게된 마들젠! 어떤맛일까 너무 궁금해서 스토어팜 열기를 기다리며 알람맞춰놓고 결제까지갔는데 수량을 욕심낸탓인지 재고부족으로 늘 구매실패😱그러던 어느날 스토어팜을 잠시쉬어가신다는글에 너무나 속상했던 1인입니다. 그래서 결심했죠!  '그래! 매장가자!' 그래서 다녀왔습니다! 9시30분도착했는데 순번은 25번..(대체 1번은 몇시에오신거죠?🤭) 대기표에 번호와 시간까지 써주셔서 근처돌아다니다가 시간맞춰 매장방문했습니다! (몇시까지오면된다는 시간까지 써주시니 방문자입장에서 얼마나 마음이편해지던지요♡ 이런 세심함에 감동😍)종류별로사고 집으로 돌아와서 맛봤는데 왜 진작 매장방문안했을까 너무 후회스러웠어요! 브라우니는호두크림과 찰떡이고 카버샌드 말모말모❤에그타르트 살살녹고 버터바와푸딩도 완벽그잡채❤	0	1	1	0	1
카버샌 맛집 여기요… 바나나푸딩 맛집 여기요…!!!  고급진 맛 원하시면 바로 여깁니다 여러분 맛도리만 골라서 먹는 저인데 여기는 재방문 의사 100000%입니다! 빵순이들은 다 아는 그런거 있잖아요. 오래 기다려서 지쳤더라도 맛있는거 먹으면 사르르 풀리고 언제 또가지 생각하게 되는 그런거 마들젠이 그렇습니다 버터, 크래커, 캬라멜의 삼박자가 이게 바로 삼합인가 싶은 맛. 밀가루 먹으면 속 안좋아지는 저인데 카버샌 맛있어서 눈물 머금고 먹었어요. 카버샌 두개 먹고 아침 출근하면 그날 오전은 기분이 굉장히 좋아욬ㅋㅋ  바나나 푸딩은 투닥투닥 싸운 남자친구랑 먹으면 사르르 녹을 것 같은 맛이랄까 바나나도 많이 들어가있고 부드럽게 슉슉 들어가는 맛이에요 자연스럽게 크림과 원물의 조화를 너무 잘 구현하신 디저트🤎	0	0	1	0	1
언제나 뭘 먹어도 성공적인 마들젠  카라멜버터샌드는 버터랑 카라멜의 비율이 딱 적절해서 파사삭 쿠키를 한 입 물면 처음엔 달달한 카라멜이 들어오고 이어서 부드러운 버터가 느껴지면서 같이 녹아드는 맛!   바나나 푸딩은 진짜 바나나랑 커스터드가 찌인해요 딸바푸딩, 샤인머스캣 바나나 푸딩도 나오는데 뭘 먹어도 풍미가 꽉 차는 맛 💗  그리고 에그타르트도 너무 강추합니다 쌀로 만든 파이지에 높고 가득 찬 필링 여러개 사서 얼려두고 자연 해동해서 먹거나 아침에 전자레인지 돌려서 먹으면 그날 하루는 행복으로 시작합니다요.. 💗  너무 유명해져서 구매가 어렵지만 매주 줄 서게 만드는 맛!!!	1	1	1	0	1
9/3(토) 오프라인에서 구매했어요! 쿠키 오픈런은 처음이었습니다. 생버터를 싫어하지만 너무 유명해서 먹어보고싶었어요. 웬걸 쌀로 만들었다해서 기대 안했는데 식감이 너무 좋고 너무 달지도 느끼하지도 않아서 앉은자리에서 순삭합니다. 근데 저는 브라우니가 진짜 너무너무너무 맛있었어요. 카버샌보다 브라우니가 더 맛있었어요..💗 특히 위에 올려진 호두크림?은 따로 사고싶은데 방법없을까요? 베이글에 발라먹고싶어서 아껴먹었습니다..!! 예비시댁에도 가져다 드렸는데 똑같은 말씀을 하셨다고하네요! 에그타르트도 크기가 커서 느끼할 줄 알았는데 인생에타 찾음💛 사장님도 너무 친절하시고 구매도 일사천리로 진행되서 복잡함 따위 못느꼈어요! 카버샌 사러 갔다가 또 다른 디저트에 반하고 온 후기였습니다. 사장님 더 흥하세요❤️‍	0	1	1	0	1
종종 가던 맛집이였는데 이젠 큰 맘 먹고 가야하는 마들젠🥺 오랜만에 방문해 11:30분쯤 도착했는데 벌써 50명 정도의 대기 인원.. 바로 줄섰더니 조금 후에 대기 마감됐다고 하시곤 인스타에도 금세 올라온 대기 마감 공지!(감격🥳) 그러곤 오픈시간보다 일찍 오픈하셨어요!  저는 12:45분쯤 들어갔고, 다행히 카버샌이라도 득템할 수 있었어요!! 제가 다녀본 쌀베이커리 중 이렇게 깔끔한 맛, 식감 내는 곳은 마들젠뿐..! 카라멜도 마들젠 특유의 고급진 맛이 있어요. 파사삭한 쿠키, 향긋한 카라멜, 부드러운 우유버터크림 조화면 10개 그냥 순삭이에요.❣️ 그리고 여기 일반 에그타르트 맛집이라해도 무방한데.. 아쉽지만 다음엔 더 일찍 와야겠어요ㅎㅎ 아 서비스로 주신 콜드브루도 맛있었어요. 감사합니다!💕	0	1	2	0	1
대기표를 줘서 웨이팅하기에 무리가 없어요!! 시간 맞춰가니까 금방 살수있고 좋아요~~ 맛별로 사서 먹어봤는데!! 다 너무 맛있고~ 냉장고에 쟁여서 먹고 싶은  아이들이에요~~ 임신중인데~ 애기 낳기전에 맛있는 디저트를 먹게 되어서 좋았어요!! 막달이되어 또 먹으려면 큰맘 먹어야해서 아쉬울 정도로 맛있어요!!^^❤️	0	1	0	0	0
12시오픈인데 11시에 도착했다가 줄도없고 문도 닫혀있길래 12시에 다시 와야겠다 싶어서 근처에 있다가 12시쯤갔더니 줄이 줄이......OMG😭 너무 방심했나봐요 🥺그래서망연자실하고 줄섰는데 또 앞에서 재고소진😭😭 이제 4팀만 가능하다고 안내해주셨음에도 기다리시는분들 다 안가시고 줄서계시길래  저도 혹시나 하는 마음에 기다렸는데 사장님이 다시 나오셔서 계속 기다리고 계셨던분들만 늦게라도 택배배송 해드리겠다고 해서 너무기뻤어요  초행길에 집에서 왕복3시간걸렸는데 헛걸음한게 아니여서 기쁩니다 사장님께 감사드려요🥺🫶🏻 근데 너무 먹고싶어서 이번주 토욜날 다시 오픈런하려고했는데 사장님 건강이 안좋으셔서 이번주 쉰다고 하시길래 아쉽지만 건강이 우선이니까 괜찮아요:) 건강한디저트 너무기대돼요!!사장님홧팅	1	1	1	1	1
일찍간다고 갔는데 줄이 엄청나게 길어서 다른 디저트는 꿈도 못꾸고 카버샌 득템!!! 원래대로라면 내 순서에서 못먹을뻔했지만 앞에 구매하신 어느 천사분이 10개 구매를 안하셨는지 수량이 조금 남아서 겨우겨우 구매했어요 ㅠㅠㅠ  누군진 모르지만 정말 감사합니다🫶🏻🥲🫶🏻 줄서느라 힘들었지만 그만큼 너무 맛있어서 용서가 됩니다!!  사장님께서 중간중간 나와서 계속체크해주시고 ㅜㅠ 아메리카노도 공짜로 나눠주셔서 너무 감사했어요!!! 다음엔 꼭 더 일찍 가서 다른 디저트도 꼭 먹어보고싶습니다!!! 아마 갈수록 팔로우도 늘고 더 유명세를 타는거 보니 이번보다 더 일찍 줄서야 살수있을것같아여  ㅠㅠ 제가 아토피도 심하고 탄수화물 중독이라 밀가루 줄여야되는데 이렇게 건강한 디저트 만들어주셔서 너무 감사합니다🫶	1	0	2	0	1
8시반 내번호표는 5번 치친구는 6번ㅋ 주차넘힘듬 가까우신분들 부럽다요😭	0	0	1	0	1
생각보다 카버샌이 작아서 놀랐어요. 그래도 예전에 사 먹었던 파바 마음샌드 정도는 될 줄 알았는데 그것보다 작더라고요... 밖에서 기다리면서 설마 저 상자가 10개 들은 상자인가했는데 맞아서 좀 당황스러웠어요. 그래도 이왕 간 김에 이것저것 사 왔는데 우선 땅콩샌드만 먼저 먹어봤어요. 버터가 있어서 좀 더 부드러운데 약간 느끼한 감이 없지 않아요. 그래도 땅콩맛이 많이 나고 맛있었습니다!  대기 시간 지나면 구매 아예 대기번호 끝나야 구매 가능하니까 꼭꼭 일찍 가서 대기하세요! 그리고 한 팀씩 입장하다가 빈 번호 있으면 불러주시면서 번호 순서대로 입장 가능하게 도와주시니 걱정 안 하셔도 돼요:)   푸딩이랑 브라우니와 카버샌도 맛있기를 바라며 두고두고 먹어봐야겠어요:) 	0	0	1	0	1
카버샌 최고예요!! 땅콩은 1개 구매할 수 있는데 이것도 역시 맛있어요. 수량이 더 풀리길 바랍니다!! 일찍 갔는데 생각보다 뒷번호라 에그타르트를 못 사서 아쉽네요ㅠㅠ 하지만 브라우니 정말 꾸덕하고 맛있어요ㅎㅎ 크림도 짱👍 크림과 브라우니 정말 잘 어울려요:)	0	0	1	0	0
아침 10시 좀 안되서 대기표 받으러갔는데 너무 오버인가? 했는데 6번ㅋㅋㅋㅋ 아니 1등 몇시에 오신거죠?! 손님 다들 친절하고 한번쯤 먹어보면 좋은 쌀디저트집입니다. 사장님 so친절해여!! 감사합니다	0	0	1	0	0
온라인 매번 실패하고 모처럼 주말에 시간있어서 방문했어요. 주차할곳없어서 한바퀴 돌았더니 두분서계셨는데 8번째 까지 밀려났어요ㅋㅋ 아들과 같이가서 카버센 두세트사고 나머지 디져트들도 골고루 하나씩 사왔네용. 집에있던 딸램, 쿠키먹어보더니 너무 맛있데요. 다음 주말에 또 사러가자네요😅🤣 맘만 먹으면 사러갈수있는 거리에 산다는게 행운이네요❤️	0	0	1	1	1
저번주 토요일에 처음 구매했어요! 준비된 라인업 하나씩 다 구매했는데 카바샌 왜 인기있는지 알겠더라고요👍👍 너무 맛있어요ㅠㅠ 바나나푸딩도 맛있고고요! 자주는 못가겠지만 주기적으로 오픈런 도전할 의향 백퍼입니다ㅎㅎ	0	0	1	0	1
기대하고 먹은 맛은 버터맛 풍부하고, 말 그대도 카라멜버터샌드예요. 카라멜도 쫀득하니 많이 들어있고 맛있어요. 근데 제주마음샌드, 가평잣샌드랑 맛이 비슷합니당..	0	0	0	0	0
진짜 꾸덕하고 완전 맛나요! 에그타르트는 에그에그하구요🤍	0	0	1	0	1
웨이팅이 빡셀줄알고 11시에 갔더니 없어서 11시 40분 좀 넘어서 다시 갔더니 제가 3번째 순서였어요. 그리고 제 뒤로 4팀정도 더 생겼어요. 사장님 완죤 친절하세요. 버터샌은 냉동보관하라고하셔서 녹을까봐 걱정했는데 오늘같이 더운날씨에 4시간동안 걸어다녔는데 보냉팩에 아이스팩 하나 준비해간걸로 안 녹았어요! 빨리 먹어보고 싶어요	0	0	0	0	1
너무 유명해서 온라인으로는 못사고 오프라인으로 사봤어요. 근데 생각보다 제 입맛에는 카버샌이 엄청난 맛은 아닌거 같아요. 너무 달아요. 그리고 진짜 비싸요;; 하나에 2천원... 에그타르트도 그냥 그랬어요.	0	0	1	0	1
완전 친절하시고 디저트도 맛있어요!!!	0	0	1	0	0
카버샌은 버터색을 보면.. 발효버터는 아닌거 같아요. 카라멜 대비 버터가 많아서 고소하려나 했는데. 카라멜맛이 안 나요. 고소한 맛이 없고 느끼ㅠㅠ 쌀이라서 베이킹하기 어렵겠다 싶긴 한데 이 작은게 2,000원ㅜㅜ 다른 디저트류들도 쌀이라 텍스쳐가 좀 빡빡합니다. 나타는 다른데 워낙 잘하는 집도 많고. 글루텐프리를 찾거나 근처라면 오며가며 한 개 정도 사먹을만한? 사장님은 몹시 친절합니다. 	0	0	1	0	1
너모너모 마시써요~! 왜 줄서는지 먹으면 알게되는 맛!!! 카버샌도 맛나지만 다른 제품도 먹으면 반하실 거에요~! 안 맛있는게 없네요ㅜ... 멀어서 아수운 맛...  카버샌도 생각나지만 다른 제품 때문에도 재방문하고 싶은 곳!!!	0	1	1	0	1
존맛	0	0	1	0	1
브라우니 호두크림 너무 맛있어요	0	0	1	0	0
봄날언니 영상보고 궁금했던 마들젠 ! 근처에 있어서 들렸는데 운 좋게 바로 살수 있었네요 🫶🏻 카버샌 맛있어요! 선물용으로도 괜찮은듯 :) 버터바는 아직 안 묵어봤는데 기대중입니당	0	1	1	0	1
글루텐 프리로 부담없이 먹을 수 있어요	0	0	1	0	1
좋아요 ^^	0	0	0	0	1
가격대는 있지만 건강한 디저트 너무 좋아요. 바나나푸딩🍌 크림이 쫀득하고 깊어서 맛있었어요~ 카버샌 너무 쪼꼬미지만 정말 맛있네요☺️ 딸기케이크도 부담없는 맛입니다.	0	0	1	0	1
맛있어서 너므 치열한 곳!!!ㅜㅜㅜ	0	1	1	0	1
굿	0	0	0	0	0
좋아요	0	0	0	0	1
카버샌 진짜 완전 맛있어요ㅠㅠㅠㅠㅠㅠㅠㅠㅠㅠㅠㅠㅠ 기다렸다구 아이스팩도 추가로 넣어주시고 사장님두 친절하세요!!!	0	0	1	0	0
ㅇ	0	0	1	0	0
포장해서 먹었음. 건강하면서도 맛있는 맛:)	0	0	1	0	0
저번에 푸딩이랑 딸기케이크, 캬라멜버터샌드 먹고 너무 맛있어서 또 가야지 하다가 제가 고구마순인데 군고구마파이, 군고구마바스크치즈케이크 나온다길래 왔어요 훌륭하네요 군고구마파이는 달달한 군고구마 맛에 뭔지 모르겠는데 엄청 고소? 향긋한 향이 나는 부드러운 파이 자체도 맛있는데 위에 우유맛 크림 조화가 진짜 완전 내스타일 너무 맛있고요   군고구마바스크치즈케이크는 군고구마맛도 치즈맛도 찐해서 치케 좋아하눈 사람도 불호없이 먹을 수 있을것같아요 보관방법도 상세하게 설명해주셔서 더좋았어요 맛있는거 만들어주셔서 감사합니다.	0	1	1	1	1
두 번째 방문인데 정말 손에 들자마자 순삭되고 맛있어요 ☺️☺️ 매일매일 달라지는 디저트에 오늘은 뭐가 있을 지 설레면서 가게되는 것 같아요  카버샌은 진짜 나중에 선물해야하는 날 있으면  너무 좋을 것 같아요 ㅎㅎ 저번주에 먹어보고 참고 참다가 오늘 수요일  오픈하는 거 보고 달려가서 사왔어요 너무 맛있어요 진짜 ♥️♥️♥️	0	0	0	0	0
글루텐프리 디저트 맛집 찾음 ㅠㅠ인생디저트맛집!! 사장님도 정말 친절하고 귀여우시고,, 단골 예약이에요! 브라우니 진짜 쫀득하고 꾸덕하고 맛도 진해요 카버샌도 글루텐프리 특유의 퍼석한 식감이랑 너무 잘 어울리는 맛임 직접 젤라틴없이 카라멜 끓인거라고 하시네요 미쳤음.. 바나나푸딩은 기대안했는데 은근 맛있어서 깜짝 놀랐어요 부드럽고 그냥 막 술술 들어가요! 그리고 레몬디저트들도 레몬 맛 찐하고 존맛 레몬상큼한거 좋아하시는 분들 레몬 디저트 꼭 사세요 저는 진짜 조만간 또 방문 예정 ㅠ	0	1	1	0	1
택배로 맛본 마들젠샌드. 넘 맛나여~~ 사장님도 친절♡	0	0	1	0	1
ㅇ	0	0	1	0	0
브라우니 꾸덕하니 완전 맛있습니다.	0	0	1	0	1
오늘도 사랑인 마들젠입니댜....🤍 저는 정말 재구매까지 이어지기가 힘든 사람인데 마들젠은 몇 번을 먹는 건지ㅜㅜㅜㅠㅠㅠ 맛을 떠나서 사장님의 너무너무 친절한 서비스 덕분에 더 생각나서 찾게 되는 것 같아요ㅠㅠ 바나나 푸딩 이번에 처음 먹어보는데 우와...진짜 살면서 처음 먹어보는 경이로운 맛이에요!!!!!ㅠㅠㅠㅠ 그러면 다음에 또 뵙겠습니다 사장님 ㅠㅠ❤️❤️	1	0	1	1	1
항상 먹어보고 싶었던 (쫀득리얼브라우니)를 드디어 영접했습니다!  그동안 퇴근하고 가면 품절이라 못먹었는데 오늘 1개 남아있었어요ㅎㅎ 먹어보니 왜 항상 품절됐었는지 알겠어요   쌀로 이렇게 부드럽고 쫀득한 식감을 낼 수  있다는게 신기할 따름입니다! 맛은 물론 최고이고요ㅠㅠ  사장님께서 (쫀득리얼바)도 서비스로 주셨는데 이 역시 꿀맛입니당 💕  마들젠 근처에 사는 게 요즘 소소한 행복입니다ㅎㅎ	0	1	1	0	1
평소 마들젠 딸기수북케이크 좋아해서 오늘은 애플망고 케이크 나왔다길래 신나서 사러왔더니 품절 ㅜ_ㅜ 미리 예약해둘걸 그랬어요..  다행히 딸기케이크랑 군고구마바스크치즈케이크 각각 2조각 남아있길래 사왔어요 역시 맛있네요	0	1	1	0	1
너무 오픈시간에 갔던걸까요ㅜㅠ 버터샌드랑 바스크치즈케잌밖에 주문 안된다길래 버터샌드만 몇개 구매해봅니다. 글루텐 프리이다 보니 가격대가 나갈수밖에 없다지만... 맛보고싶었던 종류가 하나도 없어서 먼 걸음했음에도 너무나 아쉽네요ㅜㅠ  그냥 택배 주문 알아봐야겠어요	0	0	1	0	0
스콘 클래스 1:1 배웠어요. 선생님께서 준비도 잘 해주셨고, 저에게만 맞춘 속도와 설명으로 클래스가 너무 즐거웠습니다. 스콘 반죽부터 구워지는 과정, 시식까지 너무 좋았구요. 건강한 맛으로 완성되어 뿌듯했습니다. 매장 인테리어도 너무 예쁘구요. 간식으로 주신 초코브라우니도 쫀득쫀득 맛있었어요. 아! 콜드브루 라떼 함께 마시니, 또한 맛있었습니당. 기회되면 또 클래스 신청할께요 번창하세요~~♡	0	0	0	1	1
짱맛	0	0	1	0	0
노설탕 노밀가루 처음 맛보는 기분 좋은 맛이에요 카라멜샌드 넘 굿이에요	0	0	0	0	0
케이크도 너무 맛있었고 버터 샌드 진쨔루 맛있어요.... 순삭이에요!!! 사장님도 너무 친절하시고 좋아용	0	1	1	0	1
맛이 계속 생각나서 일주일도 안돼 재방문을 하게 됐어요><!! 카버샌 레몬케키 너무 맛잇어요 👍👍 특히 딸바푸딩은 어떻게 이런 맛이 있냐구요ㅜㅜ 매일마다 먹구 싶어요. 그리구 서비스까지❤ 마들젠은 사랑입니다.	0	0	1	1	1
마들젠은 정말 사랑입니다...저 진짜진짜진짜 리뷰 안 쓰는 편인데, 여긴 사장님의 정성 애정 그리고 디저트 퀄리티와 맛 때문에 적어야겠어요ㅠㅠㅠ 일단 카버샌, 브라우니, 펌킨케이크, 고구마파이, 바스크치케 먹어봤는데요, 정말 다 완벽했어요. 신촌이나 서강대 방문 예정이신 분들에게 완전극극극추천드립니다!! 버터맛 향 장난 아니고, 재료 속 풍미 깊음도 장난 아닙니다 다음에는 고구마 케이크 먹으러 꼭 갈게용...ㅠㅜ	0	0	0	0	0
가격은 조금 비싸지만 너무 맛있어요❤️	0	0	0	0	1
마들젠은 사랑입니다…🤍 - 깊고 깔끔한 맛: 하나하나 다 직접 만드시고 좋은 재료 사용하시는 것 같아요!!! 레몬케이크랑 고구마파이 둘 다 되게 깊은 맛이 우러나옵니다…🥲❤️그리고 다른 곳과는 다르게 되게 위생적으로 만들어진 것 같아요! 깨끗한 맛이 느껴져 안심하고 먹을 수 있어요 ㅎㅎ - 사장님이 친절하십니다: 아무리 맛집이어도 직원분들이 친절하지 않으면 별로 마음이 안가는데요, 여긴 사장님이 항상 웃으시면서 친절하셔서 방문할 때에도 저도 모르게 기분이 좋아집니다.☺️ 다들 신촌이라면 꼭꼭 들리세요 !!!!!🥰	0	1	1	1	1
크림이 그리 달지도 않고, 전혀 느끼하지 않아서 너무 맛있었어요! 👍👍 글구 딸기도 무척 많아서 먹는 내내 행복했습니당	0	0	0	0	0
카라멜버터샌드 존맛..  사장님도 너무 친절하시고 자꾸 가게되요 오늘 딸기생크림케이크 먹었는데 크림고소하고 딸기 상큼하고 너무 맛있어요 어떻게 이게 글루텐프리인지 ㅠㅠㅠㅠ	0	1	1	1	1
브라우니 맛있어요	0	0	0	0	0
크림두 가둑가득  저 에그타르트 고수인데*먹기 고수 ( •̀.̫•́)✧ 계란 비린내두 하나도 안나고 바삭하게 완전 맛있어요 🥺 그리구 파티용품들도 넘나 귀여워용💕💕💕	0	0	1	0	1
호두크림에 브라우니 진짜 너무너무 맛있어요  커피도 라떼 넘 고소하고용~~^^	1	0	3	0	0
마들젠 ㅠㅠㅠ수요일은 항상 기다려지는 날이에요... 언니랑 제가 제일 좋아하는 레몬 커드 케이크 나오는 날...🤍 어쩜 이리 베이킹을 잘하시는 건지ㅠㅠㅠ경이로운 맛이에요 사랑합니다 마들젠❤️❤️	0	0	1	0	1
오늘은 꿀고구마케이크랑 처음 나온 바질 스콘 사왔어요 🎈🎈 메뉴 다 먹어볼거예요 ㅎㅎ  진짜 수목금토가 너무 기다려져요!! 마들젠 때문에 소비가 늘었지만 ㅎㅎ 행복한 소비예요!!!	0	0	0	0	0
친절하심.	0	0	1	0	1
당근케이크 너무 맛있어요 글루텐프리라는데 말 안하면 모를듯요 마들젠 바치케와 브라우니 특히 사랑하는데 당근케이크도 나올 때마다 사먹을 것 같아요.	0	1	1	1	1
후기가 워낙 좋아서 근처에 간 김에 한 번 사먹어 봤는데, 와 진짜 너무 맛있어요👍👍 케이크 푸딩 카버샌 레몬케키 다 개존맛입니다💜	0	0	1	0	1
사장님 엄청 친절하시고~비싸지만 맛도있고 선물하기에도 좋아요~강추 샘플도 시식해보라고 주셨어요^^	0	0	1	0	0
지난 번에 바나나푸딩 먹고 너무 맛있어서 또 방문했어요. 바로 집 앞에 맛있는 디저트 가게가 있어서 너무 좋아요:)	0	0	0	0	1
푸딩 맛있어요	0	0	0	0	0
쿠키 너무 맛있어요ㅠㅠㅠ 부모님께서도 맛 좋다고 하셨어요. 다음에는 진짜 많이 많이 사서 먹을테야… 다들 카라멜 버터 샌드 꼭 드셔보세요❤️❤️	0	0	1	0	1
레몬케키 구입했어요!!! 요즘 건강빵 찾아서 먹고 있는데 신촌에 글루텐프리 빵집 있어서 넘 좋아유,, 번창하세요 사장님💚	0	0	0	0	0
푸딩 너무 맛있어요:)	0	0	1	0	0
카라멜버터샌드 맛이ㅛ어요	0	0	0	0	0
너무 맛있어요 사장님도 친절하시구😢🥰	0	0	0	0	0
군고구마파이에 반해서 달려왔어요!! 넘 기대됩니다 ㅎㅎㅎㅎ	0	1	0	0	1
굳	0	0	0	0	0
처음 방문한건데 너무 기대돼요!! 먹은 후기: 카라멜 버터 샌드 바로 먹었는데 진짜 달달함 엄청나고 너무 맛있어요..! 약간 근데 차갑게 먹으면 더 맛있을 것 같아요!   에그타르트는 엄청 보드라워요 겉바속촉! 자칫하다 잘 부서지니 조심히 드세요!! 일반보다 부드러운 쪽에 속해요  단호박 타르트?는 맛만 좀 봤는데 크림이 엄청 나요 약간 느끼하긴했지만 단호박이 꾸덕해서 잘 어울리기는 해요! 크림이 일반 크림이 아니라 더 꼬소하고 달달함도 은은하답니다!  케이크는 사실 레몬 맛이 너무 세서 그런가 너무 셔서..제가 신 걸 잘 못 먹기도 하지만 맨 위에, 사이사이 레몬크림이 있기에 레몬향과 맛이 강렬해서 신 거 잘 못 드시는 분들 주의!  다 차갑게 먹어야 맛이 더 up 될듯! 다른 것보다 카버샌이 넘 👍🏻 강력	0	1	0	0	1
선물할 일 있을때마다 여기서 사가요! 왜냐면 맛도 모양도 실패가 없거든요!!! 제발 적게일하고 많이버세요ㅠㅠㅠ 아니 많이 일하고 더더다더더다 많이 버세요!!	0	0	0	0	0
굿	0	0	0	0	1
굿	0	0	0	0	1
굿	0	0	0	0	1
바나나푸딩 너무 맛있어요:)	0	0	0	0	0
카라멜버터샌드랑 바나나푸딩 맛있어요 !!😊 사장님도 너무 친절하셨습니당 !	0	1	1	0	1
친구가 입원해서 선물해주려고 왔어요! 너무 예쁘고 맛있을 거 같아요 :)  맛있게 잘 먹을게요 할로윈시즌 케잌 디자인 짱	1	0	1	0	0
아직 빵은 안먹어봤지만 가게 분위기와 사장님, 빵 종류들이 너무 맘에 들어요 자주올게요:>	0	1	0	0	1
좋아요	0	1	0	0	1
맛있어요~! 사장님 친절하세요	0	1	0	0	1
펌킨케이크 먹어봤는데 넘 맛있어서 치즈케익도 먹어보러 왔어요👍👍👍	0	0	0	0	0
디저트도 다 맛있는데 사장님이 너무 친절하셔서 항상 기분 좋게 왔다가요!	0	1	1	0	1
유명해서 와봤는데 역시 유명한이유가있네요!! 너무 맛있어용☺️☺️	1	1	1	0	1
너무 맛있어서 일주일에 두세번 가는 것 같아요!!	0	1	1	0	1
바나나푸딩 너무 맛있어요:)	0	0	0	0	0
카라멜버터샌드랑 바나나푸딩 맛있어요 !!😊 사장님도 너무 친절하셨습니당 !	0	1	1	0	1
친구가 입원해서 선물해주려고 왔어요! 너무 예쁘고 맛있을 거 같아요 :)  맛있게 잘 먹을게요 할로윈시즌 케잌 디자인 짱	1	0	1	0	0
아직 빵은 안먹어봤지만 가게 분위기와 사장님, 빵 종류들이 너무 맘에 들어요 자주올게요:>	0	1	0	0	1
좋아요	0	1	0	0	1
맛있어요~! 사장님 친절하세요	0	1	0	0	1
펌킨케이크 먹어봤는데 넘 맛있어서 치즈케익도 먹어보러 왔어요👍👍👍	0	0	0	0	0
디저트도 다 맛있는데 사장님이 너무 친절하셔서 항상 기분 좋게 왔다가요!	0	1	1	0	1
유명해서 와봤는데 역시 유명한이유가있네요!! 너무 맛있어용☺️☺️	1	1	1	0	1
너무 맛있어서 일주일에 두세번 가는 것 같아요!!	0	1	1	0	1
식후에 달달구리가 생각나는 분들. 와플 말고 색다른 디저트가 끌리는 분들. 아이스크림콘의 가장 하이라이트 부분인 초코 부분을 사랑하는 분들. 그런 분들께 신촌 커피크레페본점 추천드려요! 시원한 하겐다즈 아이스크림 크레페도 있고 달콤하고 부드러운 브륄레 크레페도 있고 여기에 귀여운 데코는 덤..! 눈과 입의 즐거움을 한껏 만끽하다 갑니다^^	1	0	2	1	1
크림브륄레 진짜 맛있어요 딸기 크림브륄레 완전 추천 위에 바삭하고 딸기 하나하나에 이렇게 장식을 넣어서 주시면 그냥 감동..ㅠ 크레페 나오면 사진계속 찍게 되는 매직..! 사진 그만찍고 싶은데 손이.. 손이	0	0	2	0	1
제 인생 크레페!!! 를 만났어요 진짜 맛있습니다  하겐다즈 아이스크림과 저 위에 귀여운 과자들도 다 맛있지만 최고봉은 끝까지 눅눅하지 않고 바삭한 표면(?) 크레페 시트?? 가 진짜 최고였어요  집 근처가 아니라 너무 아쉽지만 그래도 종종가서 사먹으려구요!! 진심 존맛탱구리에요	1	0	2	0	1
신촌에서 길거리 음식 뭐 있을까, 엄청 찾아 다녔었는데! 커피크레페 정말 딱이었습니다. 디저트도 만족하고 크레페 비주얼 쏘큩🤔 진짜 귀엽다는 말밖에 안나오고 먹기 너무 아까웠습니다. 신촌 디저트로 최고👍	0	1	2	1	1
귀여운 캐릭터가 올라가 있어서 보는 재미도 있는 크레페에요! 크레페 안에 재료가 아낌없이 들어가 있어서 더 맛있어요~ 	0	0	2	0	0
아니진짴ㅋㅋ 핵귀엽고 넘 맛있어요 대박입니도♡ 배도불러요!! 신촌 올 때마다 오기 찜콩!	1	0	2	1	1
너무 맛있어요  핫한 매뉴 먹었습니다  완전 귀요미 ㅎㅎㅎ 빼빼로데이라 그런지 빼빼로도 하나 박혀 있어요 	0	0	3	0	1
크레페 메뉴가 다양하고 음료류도 많아요 무엇보다 크레페들이 너무 귀엽더라고요 좌석이 많지는 않지만 먹고가기에도 좋았어요	0	1	2	0	1
크레이프가 너무 귀여워요! 그리고 맛도 있고 양도 꽤 많아서 디저트로 둔둔하게 먹을 수 있어요. 가성비가 좋습니당 :)  커피도 맛있어요, 전 로투스크림라떼 먹었는데 너무 맛있더라고요. 처음에는 커피 마지막맛은 로투스에요! 	1	0	3	0	1
외국인들에게완전 인기 만점인 곳이에요!! 뻔한 프렌차이즈 카페메뉴가 아니여서 좋았어요 ㅎㅎ	1	1	2	0	1
넘 귀엽고❤️ 맛도 좋습니다! 신촌가면 또 갈 것 같아요~~	0	0	1	1	0
신촌에 오래됐고 유명한 파르페집! 직원분들은 항상 친절하시고 파르페도 이것저것 추가해서  먹기 좋은곳이에요!  베스트 메뉴도 안내되어 있고 안에 먹을 공간도 있어요 ;) 신촌에 놀러갈 때마다 가는 곳! 강추에요 👍   + 파르페 선택에 따라 가격이 달라요 + 음료와 커피가 부담없이 먹을 수 있는 가격이에요 	1	0	3	0	1
신촌 디저트 카페 커피크레페. 크레페가 너무 귀엽고 맛있음. 당충전으로 최고! 신촌 현대 백화점 옆. 친절하고 맛있고 또 사먹을 예정.  Sinchon Dessert Cafe Coffee Crepe. Crepe is so cute and delicious. It's the best with sugar! Next to Sinchon Hyundai Department Store. Kind, delicious, and I'm going to buy it's going to be delicious.	0	0	3	1	1
너무 이쁘고 귀여워요ㅠㅠ 이렇게 정성 가득한 디저트는 처음이에요🥹먹는게 너무 아까웠어요 맛도 달콤하고 맛있어요 사장님도 무척 친절하세요❤️	0	1	2	1	1
시간이 오래걸리긴 하지만 맛있어요!!!	0	0	1	1	0
너무너무 귀엽고 진짜 맛있어요! 특히 딸기 크림브륄레 완전 추천 !! 진짜 맛있구 달다구리.. 반죽도 엄청 쫀득해요	1	0	3	0	0
맛집맛집 맛집 맛있는집 데코이쁘고 맛있다	1	0	2	0	0
크레페 하나하나 너무 귀여워요!! 이렇게 푸짐하게 채워져있는 크레페는 처음인데 양도 많고 달달함 한가득입니다! 당 채우고 싶을때 또 와야겠어요~! 맛있어요 ㅎㅎ	1	0	3	0	1
아이스크림 전혀 부담스럽지 않고 깔끔한 맛이라서 맛있었어요! 커피도 쓰지 않고 고소했습니다 🥹	0	0	2	0	1
크레페 너무 귀여워요!!! 커스터드 크림이랑 딸기랑 너무 맛있어요!! 신촌 현대백화점 근처 오시면 꼭 드셔보세요 ㅋㅋㅋ 특별함💖	0	0	3	1	1
크레페 비주얼이 👍🏻👍🏻👍🏻 특히 계절과일 크레페위에 올려진 과일이 너무 푸짐하고 엄청 달콤하더라구요. 다른메뉴도 다 먹어보고싶어요!!	1	0	2	0	0
쫀뜩학고 맛있어요! 다만 나오는데 10분 이상 걸려요 ㅠ.ㅠ	0	0	1	0	0
딸기, 샤인머스켓 둘다 넘  달지도 않고 생크림과잘 어울리고 디져트로 최곱니다.  버터크림라떼도 너무 맛나서 카페 맛집인줄!	1	0	3	0	1
음. 반죽이 살짝 두껍고 눅눅해서 월드콘 녹은맛?  났어요 그래도 맛은 나쁘진 않아요. 다만 너무 오래기다렸어요 15분 넘엇나,,? 거의 20분 조금 안되서 나왔던거 같아요. 기다림에 지쳐 두번이나 물었던거 같아요 	0	0	0	0	0
너무 너무 맛있어서 신촌 갈 때마다 먹어요. 매장도 꽤 넓어서 좋아요 크레페가 너무 푹신쫀득해요! 아이스크림 얹으면 가격이 쑥~ 그래도 넘 맛나요!	0	0	2	0	0
가성비 좋고 넘 맛있어요ㅠ 가까운데 있으면 자주 오고 싶어요 진쩌ㅠ 오늘은 딸기 누텔라(4.5천원) 로 먹어 봤어요!	1	0	2	0	0
크레페를 원래 좋아하지도 싫어하지도 않는데 오늘 왠지 먹고 싶어서 먹었는데 괜찮았어요~~ 바나나가 많아서 좋았어요 타코야키는 겉이 엄청 빠삭해서 새롭고 좋았어요!! 소스가 엄청 달달해요.. 한 번 먹어보는거 추천입니당	0	0	2	0	1
크레페 찐 맛집임 진짜 신촌와서 여길 안간다? 호구임ㅜㅜ 진짜 존맛 여기 아스크림 싹다 하겐다즈 써서 퀄리티 지려요	1	0	3	0	1
생각보다길쭉해욬ㅋㅋㅋ 누텔라맛 진합니다! 아이스크림도맛있어요	0	0	1	0	0
멀리서도 찾아오게 만드는 신촌크레페,,, 사쟝님 항상 친절하시구,,, 딸기표정 무슨일인가여? 넘 귀여워서 깜놀.... 너무너무 귀여워서 한입에 와앙 해버렸네여,,, 신촌크레페 영원하라	0	0	2	0	1
너무 귀엽고 아담하네여 맛있고 재밌고 1인분 딱 좋아요 괜히 오래된 맛집이 아니에요. 크레페가 굉장히 쫀득해서 자꾸 생각나요. 신촌 갈 때마다 먹어요 안에 테이블도 있어요	0	0	1	0	0
너무 맛있어요 번창하세요	0	0	2	0	0
크레페가 너므 맛있었구 사장님도 친절하셔서 좋았어요! 앞으로 자주 갈 거 같아요☺️	0	0	3	1	1
크레페 맛있어요	0	0	0	0	0
브륄레 크레페 시켰는데 한글날이라고 저렇게 써주신거 넘나 커엽자나여~~ 집 앞에 있었으면 좋겠어요 ㅠㅠ	1	0	1	0	0
처음먹어봤는데 맛있고 괜찮네요 	0	0	1	0	0
커피도 고소해서 맛있고 크레페가 쫄깃하고 맛있었어요 :)	0	0	2	0	0
크레페가 이렇게 귀여워도 될 일이냐구여 엉엉 너무 귀여워서 우는중 크림라떼도 안느끼하고 너무 맛있어요!!	0	0	3	1	1
30분기다림~아트긴하네요~맛도있고 시간 여유있으심 강추 👍완전귀여워~🙂	0	0	1	0	0
눈으로 먼저 맛보는 재미!!!🤩 예쁘고 맛있어요👍🏻	0	0	2	0	0
어떻게 데코가 날이 갈수록 예뻐질수 있는건가요?!?!💕💕 모양도 너무 이쁘고 가성비가 오집니다… 과일 콕콕 박힌거 보세요 제발 이거보면 나믿고 먹어줘🥺🥺 진짜 마싯슴… 비를 뚫고 먹으러 갔습니다🔥🔥👍👍	1	0	3	0	1
지인짜 존맛...크림브뤨레 미친놈임... 너무 맛있어요..	0	0	2	0	0
샤인머스캣이 진짜 맛있습니다… 꼭 드셔보세요	0	0	1	0	0
커피가 맛있어요	0	0	1	0	1
맛있어요 좋아요 :)	0	0	2	0	0
밀크티 상했는지 맛 너무 없어서 다버렸다	1	0	0	0	1
맛있고 살짝 요기가되네요.	0	0	1	0	0
짱입니다요 직원들도 좋아해요	0	0	1	1	0
가성비가 좋아요	0	0	1	0	1
이집 크레페 안먹어본 사람 없게 해주세요🥺🥺 증말 맛있어요💕💕👍👍 크레페 30년 유목민 인생 이집에 정착합니다 사장님 번창하소서🙏 일단 먹어봐 추라이 추라이~	1	0	3	0	1
가성비가좋아요 !!	1	0	0	0	0
가격도 괜찮고 맛있어요! 크레페 오랜만이었는데 또 생각나네요ㅎㅎ	1	0	1	0	0
왕저렴 술마시고 사마시고 좋아욤	1	0	0	0	0
ㅇ	0	0	2	0	0
ㅇ	1	1	2	0	1
너무맛있고  아득해요	0	1	0	3	1
크레페 꿀맛	0	0	1	0	0
맛도좋고 싸고 가성비 짱짱 	1	0	1	0	1
크레페가 너무 귀여워보여서 사러갔어요 하트 모양 딸기에 딸기 캐릭터까지 너무 귀여웠어요 맛있기도 하고 보는 재미도 있어서 다음번에 다시 방문할 예정입니다!ㅎㅎ	0	0	2	1	1
친절하시고 맛있네요!!	1	0	1	0	0
크레페 오랜만에 먹으니까 맛있어요	0	0	2	0	0
친절하고 정말 맛있었어요 :)	0	1	2	0	1
샷 추가해야해요!!	1	0	0	0	0
크레페 단골집~♡ 항상 먹는 녹차아이스크림, 누텔라, 생크림, 딸기 크레페~~~ 그런데!!! 크레페을 받고 깜짝 놀랐어요~~~ 생크림 위에 귀여운 딸기가~ㅋㅋㅋ 이쁘게 만들어주셔서 감사합니당~ 자꾸 생각나는 맛!	1	0	4	0	0
크레페 너뮤 맛있어용!	0	0	1	0	0
가성비갑커피	1	0	2	0	1
너무 맛있어요 !!	0	0	2	0	0
바닐라 아이스크림 바나나 크레페 정말 맛있어요!!	0	0	1	0	0
ㅇ	0	0	1	0	0
크레페 맛있어용ㅎ 	0	0	1	0	0
언제나 먹어도 맛있네요🥺🥺 이 리뷰를 보면 제발 와주세요… 한입만 추라이 추라이,,, 겁나 맛있습니다🔥🔥사장님 돈쭐나는 그날까지 번창하소서💕👍	1	0	4	0	0
맛인ㅅ어요	0	0	0	1	0
굿 	0	0	0	0	1
굿 	0	0	3	0	0
굿	0	0	1	0	0
맛있어요. 갓성비 최고입니다.  충성충성충성  연유도 듬뿍 넣어주시고 안찾을리가 없지..내가❤ 여기 와서 꼭 드세요. 두번 세번 드세요.👍🏻	1	0	3	0	1
디저트가 맛있어요	0	1	2	0	0
ㅇ	0	0	1	0	0
티비에서 보고 너무 깜찍 해서 꼭 먹어보고 싶어서 다녀왔어요 하나만 먹어도 배불러요 맛도 좋고 이쁘고 좋네요	1	0	4	0	0
진짜 너무 맛있었고 직원분들도 정말 친절하셨어요!!! 급 크레페 당겨서 방문한 곳인데 너무 만족했어요 다음에 또 오고 싶어요!!	0	0	3	1	1
이 가격에 맛볼수 없는 고급진 맛🥺🥺 데코도 너무 귀여워요 사장님 번창하세요💕 신촌에 온다면 꼭 들러야 할 맛집입니다👍👍	1	0	3	0	0
사장님 오늘도역시 친절하시네요 👍  ㅎㅎㅎ 주문해서 먹을때마다 항상 기분좋아여~ 커피도맛있고 아침 타일할인에 저렴하게 잘마시고있습니다~굿!!	1	1	2	0	1
좋아요	0	0	0	0	0
데코 너무 귀여워요.	0	0	2	0	0
정말 좋고 친구에게 추천해요 	0	0	3	0	0
타코야끼 먹고 싶을 때 꼭 가요! 💕	0	0	2	0	0
더워서 수박쥬스 사먹었는데 시원하지 않아 후회막심	0	0	0	0	0
수박쥬스 최강	0	0	2	0	1
크레페 넘 귀엽고 맛있어요.!.!.!	0	0	2	0	0
맛잇어요	0	0	1	0	0
항상 크림을 많이 담아주셔서 맛있어요!	1	0	1	0	0
생각보다 달고 넘 맛있대요 또 오고싶어요 최고~~ 👍 	0	0	1	0	0
정말 맛있어요	0	0	3	1	1
항상친절하세요~^^가격도 저렴한데 아침엔 할인까지하니 완전 굿 ㅋㅋ전에  제가 주문잘못했는데 커피도 다시 공짜로주시고ㅠ완전감사했습니다~자주이용할께요^^굿입니당~~커피도맛있어요!!	1	1	2	0	1
굿 저렴	0	0	1	0	0
좋아요 	0	0	1	0	0
ㅇ	1	0	2	0	0
좋아요. 항상 잘 먹고 있습니다! 지금 주문하기전에 후다닥 쓰고 있습니당 ㅎㅎ	0	0	1	0	0
크레페 달달하고 존맛!💕	0	0	1	0	0
좋아요~	0	0	1	0	0
항상 크림을 많이 담아주셔서 맛있어요!	1	0	1	0	0
생각보다 달고 넘 맛있대요 또 오고싶어요 최고~~ 👍 	0	0	1	0	0
정말 맛있어요	0	0	3	1	1
항상친절하세요~^^가격도 저렴한데 아침엔 할인까지하니 완전 굿 ㅋㅋ전에  제가 주문잘못했는데 커피도 다시 공짜로주시고ㅠ완전감사했습니다~자주이용할께요^^굿입니당~~커피도맛있어요!!	1	1	2	0	1
굿 저렴	0	0	1	0	0
좋아요 	0	0	1	0	0
ㅇ	1	0	2	0	0
좋아요. 항상 잘 먹고 있습니다! 지금 주문하기전에 후다닥 쓰고 있습니당 ㅎㅎ	0	0	1	0	0
크레페 달달하고 존맛!💕	0	0	1	0	0
좋아요~	0	0	1	0	0
굿	0	0	1	0	0
좋아요	0	0	2	0	0
맛있어요!!	1	0	1	0	0
굿	0	0	1	0	0
귯	0	0	3	0	0
굿	0	0	1	0	0
매우 친절하시고 크레페도 맛있습니다	0	0	1	0	1
굿	0	0	0	1	0
좋아요 	0	0	0	0	1
수박주스 맛있어요	0	0	1	0	0
굿굿	1	0	1	0	0
커피는 일찍가면 천원에 크레페 맛있네요~	1	0	1	0	0
맛있어요 오	1	0	1	0	1
좋아요!^^	1	0	3	0	0
굿	0	0	4	0	0
굿	1	0	1	0	0
굿~	0	0	0	0	1
냠	0	0	2	1	0
타임 세일 저렴해요	1	0	0	0	0
쏘쏘	1	0	0	0	0
커피	0	0	1	0	0
굿	0	0	1	0	0
👍	0	0	1	0	1
누텔라바나나크레페 짱 맛있음 신촌오면 꼭 사먹는 단골집	0	0	3	0	0
맛있어요!!	1	0	1	0	1
항상 너무 맛있어요 딸기시즌 평생있었음 좋겠어용	0	0	2	0	1
굿	0	1	0	0	0
굿	1	0	0	0	0
ㅠㅇㅠ 👍	1	1	2	0	1
굿	0	0	1	0	0
굿	0	0	1	0	0
굿	0	0	3	0	0
크레페 존맛집...	0	0	2	0	1
굿	0	0	1	0	0
딸기시즌이라 넘 조아용 >< 역시 크레페 맛집 신촌 이사와서 크레페 먹을 수 있어서 넘 좋슴다	0	0	2	0	0
좋아요 	0	0	1	0	0
굿	0	0	1	0	0
맛있엉	1	0	4	0	0
좋아요	0	0	1	0	0
굳	0	0	0	1	0
진짜 제가 이거땜에 신촌 이사왔어요우... 핵존맛	0	0	2	0	1
ㅇ	0	0	2	1	1
굿	0	1	0	0	0
맛있어요ㆍ	0	1	1	0	1
맛있어요	0	0	0	0	0
굿	0	0	1	0	0
수박쥬스 맛있어요	0	0	1	0	0
친절하고 맛있었어요!! 	0	0	1	0	1
좋아여굳국	1	0	2	0	1
좀 별로였어요	0	0	0	0	0
크레페 너무 맛있어요!	0	0	0	0	1
굿	0	0	0	0	0
👍🏻	0	0	0	0	0
항상 친절하셔서 좋아요.😁	1	0	0	0	1
조아요	1	0	0	0	0
바나나 생크림 누텔라 크레페에 커슈타드크림 추가하면 개꿀맛ㅜ	0	0	1	0	0
종류도 많고 맛있어요!!!	0	0	1	0	1
좋아요!!!^^ 추천합니다~~	0	0	1	0	0
구웃😄	1	0	2	0	0
5년째 단골인데.. 네이버포장도되네용!!!  5분안에 픽업되었고 뜨끈뜨끈하니 존맛탱👍😆	0	0	0	0	0
물론 일본의 크레페를 생각하고 먹으면 넘나 홀쭉해서 실망스럽지만, 하겐다즈 아이스크림인 점과 생크림도 덜해서 한편으로는 칼로리 부담이 덜한 점, 즉석으로 해주셔서 맛있는 점 등등 괜춘한 크레페집. 크레페가 워낙 희귀하니까.	0	0	0	0	0
친절하고 잘생긴 사장님이 커피 맛있게 만들어주십니다~!~!~!	1	0	3	0	1
크레페 맛집!!	0	0	1	0	0
가성비 짱 커피맛과양이 최고예요	1	0	2	0	1
좋아요	0	0	1	0	0
맛있어요	0	0	1	0	0
굳	0	0	0	0	0
좋아요 	0	0	1	0	0
믿고먹는 커피크레페 존맛	0	0	0	0	0
빠르고 저렴하고 양 많아요! 커피는 구수한 보리차 같은 맛입니다!	0	0	0	0	0
맛있어요	0	0	0	0	0
굿	0	0	0	0	1
맛있어요	0	0	0	0	0
역시맛있어요🤢👍🏻	0	0	0	0	0
커피가 저렴하고 맛잇어요:)	0	0	0	0	0
좋아요	0	0	0	0	0
항상 맛있고 좋아요!	0	0	0	0	0
맛있어요	0	0	0	0	0
좋아요	0	0	0	0	0
좋아요	0	0	0	0	0
좋앙ᆢ	0	0	0	0	0
ㅎㅎ	0	0	0	0	0
매번 궁금해서 먹어봤는데 먹을만해요	0	0	0	0	0
맛있어요!! 다코야키 파는 집  요새 귀한데,, 종종 들려서 사먹을게요~~	0	0	0	0	0
좋아료 맛있어요ㅠㅠ	0	0	0	0	0
좋아요	0	0	0	0	0
커피가 좀 싱겁긴하네요	0	0	0	0	0
사장님도 친절하시구 타코야끼 맛있어용	0	0	0	0	0
가격대비 최고	0	0	0	0	0
좋아요	0	0	0	0	0
좋아요	0	0	0	0	0
좋아요	0	0	0	0	0
좋아요	0	0	0	0	0
진짜 빅사이즈네요. 맛있게 먹을게요	0	0	0	0	0
점심마다 맨날 가여 저렴하고 양도 많고 맛있습니다	0	0	0	0	0
가격대비 최고	0	0	0	0	0
커피 1500원에 아이스요금 추가없고 샷추가 500원  세상에 이런곳이 또 있을까요 ,,,, 커피맛도 bbb  신촌현대 직원들이 줄서서 먹는카페 에요 믿고 드세여😊	0	0	0	0	0
완전 맛있게 잘 먹었습니다!	0	0	0	0	0
아이스아메리카노가 싸고 커요 ㅎㅎ	0	0	0	0	0
항상 맛나게 먹구있어용	0	0	0	0	0
가격대비 최고	0	0	0	0	0
항상 방문하는곳	0	0	0	0	0
짱입니다요	0	0	0	0	0
좋아요	0	0	0	0	0
친절하고 맛있었어요~!	0	0	0	0	0
항상 최고에요	0	0	0	0	0
맛있어요	0	0	0	0	0
최고 ㅎㅎㅎ	0	0	0	0	0
맛있어요 ㅎㅎㅎ	0	0	0	0	0
네이버주문은잘안보시는듯...그냥 직접 시키는게나을듯	0	0	0	0	0
좋아욤욤욤	0	0	0	0	0
가격도 저렴하고 무엇보다 맛있고 아침마다 가는데 밝은 인사가 너무 좋아요	0	0	0	0	0
맛있었어요!@	0	0	0	0	0
최애 카페입니다 굿굿	0	0	0	0	0
식기전에 드세요	0	0	0	0	0
맛나요	0	0	0	0	0
꾸리한날 아아한잔	0	0	0	0	0
싸고 맛있어요!!!!	0	0	0	0	0
가격대비굿	0	0	0	0	0
가성비갑 훌륭한 아아^^	0	0	0	0	0
굿 좋아용 	0	0	0	0	0
아주 저렴하고 맛있습니다.	0	0	0	0	0
준비도 빠르고 맛있어요!	0	0	0	0	0
맛도 가격도 훌륭	0	0	0	0	0
저렴하고 좋아요~	0	0	0	0	0
가격 저렴하고 아주 맛있어요	0	0	0	0	0
점심먹고 시뤈하게 라떼랑 아아 잘마셨어요 여기 원두커피 완전 맛나요	0	0	0	0	0
맛있어요 식후땡으로 늘 이용	0	0	0	0	0
친절하심	0	0	0	0	0
인근에서 테이크아웃 중에 제일 저렴해요  그래서인지 불친절합니다  그냥 싼맛에 자주 가요 	0	0	0	0	0
가격대비 최고입니다.	0	0	0	0	0
저렴한가격인데 커피도 맛있네요~~	0	0	0	0	0
잘먹었어요 매일 점심먹고 가는 단골집!	0	0	0	0	0
가나다라마바솨	0	0	0	0	0
직원분도 친절하시고 맛있어요!	0	0	0	0	0
맛나용	0	0	0	0	0
생각보다 훨씬 맛있네요	0	0	0	0	0
맛있긴 한데 그정도 가격인지는 잘 모르겠음.	0	0	0	0	0
친절하시고 빨리나와요! 	0	0	0	0	0
가성비 대비 괜찮아요!!	0	0	0	0	0
재방문했어요 저렴하고 맛있어요	0	0	0	0	0
주문하고 빠르게 준비해주셔서 감사합니다! 아이스아메리카노는 1500원, 맛은 딱 가격 정도에요^^	0	0	0	0	0
ㅇ          	0	0	0	0	0
ㄱㄴㅎㅂㄱㄹㅎ	0	0	0	0	0
ㅇ          	0	0	0	0	0
ㅇ           	0	0	0	0	0
존맛이에영~ 자주 올게요!! 이번이 두번째 방문 ㅎㅎ	0	0	0	0	0
찾기도 쉽고 크레페 맛있었어요 타코야끼도 쫄깃 촉촉 했는데 커피가 대박 용암임. 양도 대박임...1000원의 행복? 안에서 먹을수 있는 좌석이 7개 정도 되요	0	0	0	0	0
ㅡ	0	0	0	0	0
네이버페이는 자주 확인을 안해주기 때문에 주문 후 카운터에 얘기하는게 좋아요. 누텔라 크레페를 먹을 수 있어서 좋긴한데 퀄리티가 좀 아쉬워요	0	0	0	0	0
굿	0	0	0	0	0
아주아주아주 맛있습니다!	0	0	0	0	0
아메리카노랑 타코야끼 사먹었는데 둘다 맛없었어요.. 앞으로 타코야키는 그냥 포장마차같은 곳에서 사먹는걸로...	0	0	0	0	0
아이스크림이 좀더 위에 있어서 딸기랑 같이 먹을 수 있었으면 더 맛있었을 거 같아요	0	0	0	0	0
206생딸기에 연유들어간거 존맛탱입니다 숟가락도 같이 줘서 좋고요 현대백화점 정문쪽에서 가면 쉽게 지나칠 수 있지만! 생각보다 달달하고 맛있어요 크레페에 감싸는 얇은 빵부분은 좀 더 과자같아요..그래도 존맛탱..♥	0	0	0	0	0
늘 맛있어요 생크림이 밑에까지 더 많았으면!	0	0	0	0	0
굿	0	0	0	0	0
빠르게 나오고 아주 달아맛있어요	0	0	0	0	0
늘 정말 맛있어요	0	0	0	0	0
좋아용~~♡♡	0	0	0	0	0
가격도 착하고 맛도있어요 	0	0	0	0	0
아주 맛있었어요	0	0	0	0	0
좋아요~~^^	0	0	0	0	0
맛있어요ㅎㅎ	0	0	0	0	0
옛날엔 크레페가 너무 바짝 익었는데...요 근래 두 번 사묵었는데 딱 좋아요 생딸기에 크림도 굿굿	0	0	0	0	0
하겐다즈 녹차아이스크림과 누텔라 조합이라 맛이없을 수가없음!크레페 첫 입 먹는데 반죽이 바삭했어요  커피도 저렴한데 맛있음	0	0	0	0	0
가격도 저렴하고 친절하고 너무 좋아요^^ 	0	0	0	0	0
맛있어요!	0	0	0	0	0
15분 기다리고 1분만에 먹은 듯. 맛있었어요.	0	0	0	0	0
맛있었어요	0	0	0	0	0
이곳은 커피가 진짜 맛있고 빨리나온다는점!^^감사합니다!☆☆크레페 생딸기도 진짜 맛있어요	0	0	0	0	0
맛있어요 ㅎㅎㅎ!!	0	0	0	0	0
매일 아침 여기서 커피 한잔 사서 공부하로 가는게 일상입니다. 타지에서 공부라느라 외롭고 힘든데 항상 웃어주시면서 친절하게 대해주십니다. 오늘도 타코야끼에 커피 주문했는데 타코야끼 1개를 서비스로 주셨습니다. 단점은 인기가 매우 많아 간혹 밀리는 일이 있는데 그거 빼고는 완벽한 가게입니다	0	0	0	0	0
네이버페이 확인도 안해서 주문 밀리고, 크레페는 다른 종류 주시고 그냥 그랬어요	0	0	0	0	0
흑흑 넘넘 맛있었습니당 !!!!!!	0	0	0	0	0
여기는 항상 가는곳인데..!^^진짜 짱존맛	0	0	0	0	0
굿!! 맛있어요	0	0	0	0	0
외관부터 실내 인테리어, 노래까지 해리포터 느낌의 카페에요!🧙‍♀️ 해리포터가 어릴적 살던 계단 밑 공간 재현해내려하신게 뽀인트..! 매장 내부가 은근 넓고 모든 좌석 인테리어가 멋져요. 그리고 쿠키 + 아이스크림 조합이 넘 맛있었어요!!🍪	0	0	1	3	0
외관에 이끌려 원래 다른 카페가려다 오게 된 곳, 들어왔는데 해리포터 느낌낙낙- 후기에서 쿠키&아이스크림 찐맛이라고 해서 한 번 시켜봤는데, 초코쿠키를 안 좋아하는 제가 저 쿠키를 다 먹었다니깐요!!! 엄청 달지도 않고 적당한 초코단맛+쫀딕하고 조금은 큰 초코퍼지가 안에 팡팡+같이 먹는 바닐라 아이스크림이 달지 않고 부드럽게 감싸주는 이맛! 최고-! 음료시키고 자리로 가는 데 테이블마다 쿠키&아이스크림을 1인1개 하시더라구요~ 근데 다들 다 드신거 보고 맛있다보다~ 했는데 먹어보니 ㅇㅈ, 여기 이거 먹으러 오는 거구나 했어요! 고민되시더라도 꼭 시키세요~! 	1	0	2	1	1
쿠키 쫀맛이에요 🍪 따뜻한 쿠키에 차가운 아이스크림 환상 🍦사장님도 친절하세요〰️〰️〰️💘 해리포터 음악도 나와요 ✨️	0	0	2	2	1
해덕이라면 무조건 좋아할 공간 호그와트 어딘가 인듯한 인테리어에 브금까지 완벽하다 티포트에 나온 차도 공간이랑 잘어울린다 	0	0	0	3	0
해리포터 방 분위기가 나는 카페~! 이전에 한 번 다봤는데 오늘도 굳👍 쿠키 시키면 아이스크림 한스쿱 주는 것 좋음😆	0	0	2	2	1
분위기 무엇... 진짜 아늑하고 데이트는 물론 친구랑 커피한잔하기 좋아요! 그리고 저 갬성있는 잔 ㅠㅜ 포트메리온 사용하는 카페는 또 첨이네... 더블초코쿠키는 너무 많이 달았지만, 담엔 다른 쿠키 먹어봐야지!	0	0	2	1	1
분위기 좋고 차 종류도 다양해서 좋아요!	0	0	1	1	0
쿠키가 갓 나와서 맛있었어요. 아이스크림이랑 같이 먹으면 조합이 좋아요.	0	0	3	2	0
해리포터 풍 고성느낌의 인테리어와 여유있는 좌석간 거리감이 좋아요!	0	1	1	3	0
분위기가 너무 좋아요! ㅎㅅㅎ	0	0	0	2	0
인테리어 끝내줍니다. 쿠키들도 다 맛있어요	0	0	2	3	0
분위기 좋고 인테리어가 정말 멋져요!! 차랑 쿠키 세트로 시켜 먹었는데 쿠키 정말 맛있어요~~	0	0	1	2	0
외관부터 내부까지 분위기 제대로에요..! 동생들이랑 감탄하면서 사진찍기 바빴다는ㅋㅋㅋㅋ 포토존도 많고 쿠키 바삭촉촉하구 아이스크림이랑 같이 먹으니 당충전 제대로에요! 음료도 너무 맛있었어요ㅠㅠ 굳굳!	0	0	2	2	0
해리포터 분위기의 카페라해서 가봤는데  인테리어도 깔끔하고 넓어서 좋아요!  쿠키랑 아이스크림이랑 먹으면 맛있어요! 	0	0	2	1	0
주문후 바로 메뉴를 바꾸겠다는 친구가 있어 메뉴수정이 있었습니다. 직원분께서 대기가 많다고 하셨고 주문 후 기다린지 10분뒤쯤  내부가 더워 한번더 티를 아이스 변경, 커피를 티로 메뉴를 변경요청했습니다. 아직 음료가 제조되기 전이라 직원께서도 처음에 변경해주시겠다고 말씀하셨습니다. 그러나 변경되는 메뉴를 보시고 전체금액이 달라지니 저에게 전체환불처리해줄테니 매장을 나가라고 하셨습니다. 같이 온 친구들도 있었고 매장을 움직이기가 번거로워 메뉴 변경없이 마시고가겠다했으나 돌아오는말은 나가달라는 말이었습니다. 말없이 한참을 쳐다보셨고 그 눈빛에 무시를 당하는 느낌을 받았습니다. 메뉴를 무작정 바꿔달라 요청한것이 아니고 직원분께서 바꿔주겠다하셔서 요청을 드린거였으나 직원분의 언행으로 마음에 큰 상처를 받았습니다.	0	0	0	0	0
정말 환상적인 곳이었어요.. 분위기와 인테리어가 장난 아닙니다. 기회 되면 소중한 사람과 또 가고 싶은 카페에요.	0	0	0	4	1
분위기 좋아요~^^ 영화속에 와있는 느낌?	0	0	0	1	1
해리포터 컨셉 분위기는 정말 예쁜데 위생은 정말 별로였음. 주문 받으면서 카드 받은 손으로 티백을 꺼내고 티백을 계산대 바로 밑 테이블에 올려두고 카드를 돌려주고,,티백은 집게로 꺼내든가 아니면 티백 종이부분만 손으로 건드려야 하는데 이건 좀 아니다 싶어서 이것 보고 솔직히 주문취소하고 나가고 바로 싶었는데 참음. 그냥 돌아와서 자리를 보니 테이블 많이 남아 있었는데 자리가 너무 더러워서 한번 치워달라고 요청했음. 자리는 이해하는데 티백은 너무 충격적임.	0	0	0	0	0
인테리어도 이쁘고 커피 디저트 다 괜찮아요	0	0	2	2	0
맛있어요!! 차도 맛있고 쿠키도 맛있어요 쿠키는 매장에서 직접 굽는거 같아요 오븐이 있고 쿠키가 계속 나오더라고요  해리포터 관심 없는데 인테리어가 좋았어요 겨울에 오면 더 좋을거같아요 바깥쪽보단 안쪽 자리가 훨씬 더 예뻐요! 가장 안쪽에 벽난로 앞쪽 자리가 탐났어요…  실버문은 오설록 달빛걷기랑 비슷한 달달한 배 향인데 달빛걷기의 느끼한 맛이 안나서 좋았어요 쿠키는 적당히 달고 맛있습니다!! 화이트초코 마카다미아 고소하고 달달하게 잘 먹었어요! 같이 주는 아이스크림에 찍어먹으면 쿠키가 쫀득해져서 좋아요!!!  	0	1	2	1	0
쿠키 아이스크림이랑 같이 먹으면 맛있어요~ 음료도 생각보다맛났네요	0	0	1	2	0
해리포터 느낌 낭낭하고 음료도 맛있어요	0	0	2	2	0
뷰 맛집이에요 ㅋㅋㅋ 다만 테이블이나 화장실 등이 더러워서 아쉽습니다	0	0	0	1	0
쿠키+차세트 맛있어요 쿠키가 좀 크긴하지만.. 인테리어는 독특하긴한데 좀더 해리포트 컨셉이 들어갔으면 좋겠어요	0	0	1	1	0
중세유럽에 온 느낌의 갬성 사진찍기 너무 좋고 맛있는 커피와 쿠키 	0	0	3	2	0
입구는 생각보다 작은데 내부가 굉장히 넓어요. 음료 양도 많고 맛있습니다. 다음에 오게 되면 쿠키도 꼭 먹어보고 싶어요~ 해리포터 컨셉에 맞게 해리포터 굿즈들과 해리포터 bgm도 조금씩 더 나오면 좋을 것 같네요^^	0	1	1	2	0
조용하고 맛있는 디져트도 좋아요	0	0	0	1	0
해리포터 덕후는 울어요.. ㅠㅠㅠ	0	1	1	1	0
맛있어요!	0	0	2	1	1
양도 많고 쿠키도 맛있어요 해리포터컨셉도 특이하고 분위기도 좋네요	1	0	3	1	0
분위기 해리포터	0	0	2	1	1
해리포터 감성 낙낙 안에 자리가 엄청 넓어요 사람들 많이와도 다 수용할 수 있을 듯. 쿠키도 맛있어용	0	0	2	2	0
어둑한 분위기에 쿠키 맛있어요 핫플이라 사람 많아용	0	0	2	1	1
이뻐요 매장 자체가 	0	1	1	2	0
ㅇ	0	0	1	4	0
분위기 기가막힌곳인데 왜 이런 장소가 알려지지 않았는지 궁금합니다.  그리고 장점이 참 많아서 일부러 리뷰를 쓰는데 최대 5개까지밖에 고르지 못해 아쉽습니다. 나만아는 장소였음 하는 속물같은 생각도 들었지만 너무나도 친절하신 사장님이 계시므로... 번창하셨으면 합니다.	0	0	2	3	0
ㅇ	0	0	0	1	0
ㅇ	0	0	0	1	0
친절해요	0	0	1	0	0
해리포터카페  리뷰할생각없었는데 우연히 찾아간 카페가 너무 맘에들었다 ㅎㅎ 곧 리뷰도 올릴예정 ㅡ	0	0	0	1	0
생각보다 해리포터느낌 안남. 외부가 가장 그럴둣함	0	0	0	1	0
세트로 주문한 쿠키&아메리카노 ㅋㅋㅋ 아이스크림이 상상한 크기는 아니였지만 맛있게 잘 먹었습니다 !	0	0	0	2	1
앤티크라기 보다는 해리포터 느낌이랄까뇨 조명이 은은한 느낌이라 좋아요~	0	1	1	3	0
아이스크림이 진짜진짜맛있음... 쿠키랑 곁들여먹기도 짱...	0	0	1	0	0
친절하진 않지만 인테리어가 예뻐서 사람들이 많더라구요 음료는 전체적으로 너무 달아서 좀만 덜 달게 하면 괜찮을거같아요:)	0	1	0	3	0
좋아요 	0	0	0	1	0
좋아욥	0	0	1	0	0
굿	0	0	1	0	0
오픈 시간에 갔는데, 조용하고 너무 좋았어요~~ 쉬고 싶은 마음으로 간 카페였는데 정말 잘 쉬고 왔네요 ㅎㅎ  사람이 많이 없는 오픈 시간이라서 외국 놀이공원에 와 있는 느낌이 들었어요~ 아늑했구요!! 미술관 좋아하시는 분들에게 딱 좋겠다 싶더라구요~  특히 쿠키와 함께 주시는 아이스크림 서비스가 너무 좋았습니다 ♥️ 서비스 최고 ♥️ 다음에 또 갈게용 감사해요	0	0	2	3	0
굿굿	0	0	3	2	0
인테리어 독특해요	0	0	0	1	0
해리포터 분위기 어두운 카페에요 이야기하기 좋아요 공부는 ㄴㄴ  밀크티는 그냥 그렇고 레몬 캐모마일 맛있었어욥 쿠키를 사면 아이스크림을 한스쿱 줘요 (케이크는 개인용)	0	0	0	1	1
분위기 너무 좋아요!♡	0	0	0	2	0
분위기가 좋아요~ 커피도 좋아여	0	0	2	1	1
굿	0	0	1	0	0
좋아요	0	0	1	0	0
좋아요	0	1	0	1	0
좋아요~	0	0	1	0	0
좋아요 	0	0	0	0	1
너무 좋은디..인테리어도 예브고 좋은디.... 사장님 공기청정기 제발...설치해주세요 ...실내에서 양말썩은내 나요... ㅠㅠㅠㅠㅠ...     환기가 안되는건지.... ...... 넘 좋은데.. 디저트도 좋은데...앉자마자 나가고싶어져요...  넘심해요 ㅠㅠㅠ 	0	0	0	1	0
ㅇ	0	0	1	0	0
세트 메뉴 가성비 좋고 쿠키랑 아이스크림 같이 나오는거 너무 좋아요!  해리포터 생각나는 매장 인테리어도 멋있고 넓어서 얘기하기도 좋아요	1	0	2	2	0
와이파이 엄청 안터져서 리뷰 올리기도 어려워요	0	0	2	2	0
쿠키 맛있네요	0	0	0	0	0
굿	0	0	1	0	0
인테리어가 오묘하고 아늑해요	0	0	0	1	0
매장 인테리어랑 느낌은 너무너무 좋은데, 음료나 디저트가 좀 더 다양햇으면 더더 좋을거같아요~! 주말오후에 사람들이 많이 몰리는데 입구에서나 사장님이 따로 웨이팅 컨트롤이 좀 필요할거같아요ㅠㅠ 다들 매장안에서 자리 눈치싸움하며 서잇어욬ㅋㅋㅋ 아쉬운점이 많지만 인테리어가 갑	0	0	0	2	0
.	0	2	0	2	1
.	0	1	0	1	0
좋아요	0	0	1	0	0
좋아요 	0	0	0	0	0
좋아요 	0	0	0	1	0
굿	0	0	1	0	0
굿	0	0	2	0	0
마치 유럽 본토에 와있는듯한 중후한 감성의 인테리어도 굉장히 훌륭하고 음료들과 아이스크림을 얹어먹을 수 있는 쿠키까지 굉장히 맛있긴 했습니다만, 일하시는 분들께서 말투? 언성이 살짝 불친절한 느낌이 있었습니다! 만약에 저보다 까탈스러운 손님이 있다면, 갈등을 불러일으킬 수도 있고, 오해의 소지가 있어보이니까 앞으로는 주의해주시기 바랍니다!	0	0	3	2	0
ㅇ	0	0	2	2	1
마음에 들고 괜찮아요	0	0	0	1	0
진짜 사랑한다. 이런곳이 있었다니 사랑한다진짜	0	0	2	1	0
멋져요	0	0	2	2	0
처음 가봤는데 너무 좋아요!	1	0	2	1	0
케이크가 없는게 아숩...! 인테리어는 예쁘고 오래앉기힘든 딱딱한 의자도 있어용.	0	0	0	1	0
좋아여	0	0	1	0	0
매장에 좌석이 많아 좋았습니다. 근데 매장 안쪽은 조금 썰렁하더라구요. 인테리어가 독특해서 한번 쯤은 가보기 좋습니다!	0	0	0	2	0
카페 인테리어도 예쁘고 지브리 노래 틀려있는데 좋았어요 : )	0	0	1	2	1
평일 낮에 일하시는 여자분 너무 불친절......	0	0	0	0	0
카페 엄청 웅장하고 이쁘네용 쿠키도 맛나요,~~	0	0	1	1	0
쿠키 진짜 진짜 맛있어요. 살짝 데워져서 나오는데, 푹신푹신하고 다들 맛있다고 말하면서 금세 해치운 것 같습니다. 분위기도 좋아요!	0	0	2	2	0
굿	0	0	0	1	0
분위기 좋고 쿠키 맛있어요	0	1	2	2	0
해리포터 감성으로 꾸며진 카페라 인테리어 예쁘고 얘기나누기 돟아요	0	0	1	2	0
분위기가 좋아요	0	0	0	1	0
쿠키 존맛에 커피도 괜춘	0	0	2	3	0
보통 티팟은 뜨거운 차에만 주던데 여긴 아이스로 시켜도 티팟에 나와서 좋았어요 :) 쑥라떼도 맛있음 ㅎㅎ	0	1	2	1	1
커피는 기대보다 맛있어요 다만 너무 시끄럽고 장식이 조악해서 생각보다는 아쉬웠어요	0	0	0	1	0
ㅇ	0	0	1	1	0
밋져요	0	0	1	2	0
쿠키에 아이스크림 진하고 맛잇음 아인슈페너 괜찮은데 가격에 비해 잔이 찬 작음 밑에가 라떼인건 아쉽 소품들 보는 재미가 잇음 쇼파좌석편함	0	0	1	2	0
해리포터 컨셉카페라 인테리어가 이뻐서 좋았어요ㅎㅎ	0	0	0	2	0
해리포터 컨셉 인테리어 +브금 (해덕이면 한번 쯤 방문 추천)  안에도 은근 넓고 쿠키(4500)도 큼	0	0	0	1	0
조아요	0	0	0	0	0
해리포터 분위기 카페~~모처럼 친구들과 만나 커피한잔씩 했네요.	0	0	1	0	0
쿠키가 너무 맛있고 카페 인테리어가 예뻐요	0	0	3	2	0
신촌뒷골목에 이런 가게가 있을거라고 누가 생각하겠어요ㅋㅋㅌ 매장 내부보다 외관이 더 맘에 들었어요	0	0	0	1	0
굿굿	0	0	4	1	0
수제쿠키에 자부심이 느껴졌다!!	0	0	1	2	0
해리포터느낌 쩔어요!! 사람들이랑 이야기하기도 좋고, 넓어서 좋아요!	0	0	1	1	1
세트메뉴가 가성비좋아요 쿠키맛있네요	0	2	0	1	0
처음 가봐용	0	0	0	1	0
해리포터 좋아한다면 한 번쯤 추천요. 음료는 쏘쏘	0	0	0	1	0
직원이 너무 퉁명스럽고 불친절해요.. 기대하고갔다가 기분만 나빠서 왔어요	0	0	0	0	0
해리포터 느낌나요!	0	0	0	1	0
크키에 아이스크림 맛있어요	1	1	0	1	0
친절하시고 음료 맛있어요	0	1	0	2	0
굳	0	0	0	2	0
맛있어요.	0	0	1	2	0
인테리어는 멋진데 불친절해요	0	0	0	1	0
해리포터테마여서 눈호강 귀호강하고 갑니다~~	0	0	0	2	0
해리포터 넘조아해서 좋앗습니다,, 부산에잇을때 넘 가보고싶어서 부산까지 갓엇는데 뭔가 부산에잇을때가 더 포근한 느낌이지만 서울은 매장이 넓어져서 넘 좋네요ㅠㅠ	0	0	1	3	0
너무 좋아요ㅠㅠ	0	0	2	1	0
그냥 흔한 인스타갬성 카페인줄 알았는데 쿠키맛집이었네요ㅋㅋㅋ 가격도 나쁘지 않아요	1	0	2	2	0
분위기가 너무 좋아요!	0	0	1	3	0
해리포터 느낌으로 잘 만들어놓아서 분위기도 좋고 음료도 예쁘고 ㄷㅣ저트도 맛있어요!	0	0	3	2	0
사진찍기 좋고 분위기 좋아여  얼그레이가 마싯어요 ~ 쿠키도 진짜 맛있구여  직원 두분다 친절하세요😊  다음에도 또올께요 ~~	0	0	2	3	0
찐 덕후의 향기	0	1	2	2	0
아이스 레몬캐모마일티 시켰는데 멋진 잔에 주셔서 더 분위기있게 즐겼던 것 같습니다.	0	0	2	3	0
쿠키에 아이스크림 맛있어요	0	0	1	1	0
해리포터 컨셉이라 넘 예쁘고 좋은데 인기가 많더라구요 그리고 음료 가격도 괜찮고 맛있었어요!!!	0	0	1	4	0
안에 인테리어가 짱👍	0	0	1	3	1
해리포터 덕후를 위한 곳,,🧙‍♀️🧙‍♂️	0	0	1	1	0
소품이 예뻐요!! 가격도 적당!!	0	0	0	1	0
테마가 있어서 좋고 공부하기도 좋고 대화하기도 좋은 카페예요! 음료 맛은 쏘쏘하지만 인테리어도 독특하고 음악도 해리포터 배경음악 틀어주셔서 상상의 나래 펼치기도 좋은거같네욧	0	0	0	2	0
카페 안이 좀 어둑어둑한데 저는 조명 밝은 카페에 더 익숙해서 그런지 분위기가 그렇게 좋다는 느낌은 별로 못 받았어요. 사람이 많아서 조금 시끄럽기도 하고.. 그래도 인테리어 예쁘고 사진이 잘나와요 음료 맛있음	0	0	0	2	0
해리포터 분위기가 나서 좋았어요!	0	0	1	1	0
굿ㅎ	0	0	1	0	0
분위기가 진짜 해리포터 나올 것 같고 테이블 사이사이 거리감이 있어서 대화하기도 좋고 음료도 진~~~짜 맛있어요 ㅋㅋㅋ	0	0	1	2	0
밀크티 맛집 쿠키도 맛ㅈlㅂ	0	0	3	0	0
굿	0	0	0	0	0
해리포터 느낌으로 인테리어가 엄청 예뻐요!	0	0	0	1	0
쿠키 맛집 견과류 초코 듬북 맛있음	0	0	0	1	0
커피맛은 쏘쏘	0	0	0	2	0
해리포터 느낌 정말 낭낭해요 하지만 카운터 가까이 앉으면 설거지나 음료제조 소리가 약간 많이 시끄럽습니다	0	0	1	2	0
평일에 오면 집중하기 좋아서 자주 들러요! 초코 호두랑 더블 초코 쿠키 추천해요!!	0	0	1	3	0
영수증리뷰 귀찮아서 잘 안하는데 귀찮음을 감수하고 리뷰를 올리게 하는 카페네요..ㅋㅋㅋㅋ 아이스아메리카노는 가성비가 정말 제로였고, 여기 가시는 분은 아아 사먹을 돈으로 다른 음료 드시는거 추천드립니다. 그리고 여자 카운터분 너무 불친절해요. 그냥 인스타 감성만 있는 카페이지 재방문할 의사는 없습니다. 궁금하니까 한번 가보는 정도?인 카페같네요	0	0	0	1	0
분위기도 좋고 음료도 맛나요	0	0	1	1	0
굿	0	0	0	1	0
국	0	0	1	0	0
진짜 이런거 안남기는데 주말 남자 알바 정말 기본이 안되어있어서 남깁니다. 사람이 바쁠수도있고 기분 안좋은일이 있을수 있지만 주문하려고 손님이 앞에 계속 기다리고있는데도 있던말던 응대 전혀없이 똥씹은 표정에   기분 안좋은티 팍팍내고 왜 이렇게 대응하냐고 하니까 제가 뭐요? 화장실 청소해서 바빠서 그런데요? 이러네요 진짜 이렇게 싸가지 없는 매장은 처음봅니다. 심하네요 진짜	0	0	0	0	0
분위기 좋은 카페래서 왔는데 이런 태도로 응대하는 알바생은 처음보네요. 앞 손님 주문 받고서 사람이 뻔히 기다리는데 아무말 없이 음식부터 준비하고 준비끝나니 주문하라는건지 말란건지 사람 눈만 빤히 쳐다보고 어이가없어서 무슨 안좋은일 있으시냐 하니 본인이 혼자 일 다하느라 힘들어서 그렇다며 무슨 문제있냐는 식으로 짜증내듯이 얘기하는데 너무 어이가 없네요. 다른곳 가기 귀찮아서 참고 주문하는데 뒤돌아서자마자 씨씨 거리는거 다들리고 이런식으로 응대하는 경우는 처음봐서 다신 안오렵니다.	0	0	0	1	0
좋은 분위기	0	0	0	2	0
분위기 좋아요	0	0	1	4	0
인테리어야 뭐 말할필요없고 쿠키맛집이네요!!	0	0	1	2	0
나만 모르던 핫플 카페네요 겉에서 봤을때 심지어 오픈안한줄 알았는데 찾아보니 카페더라구요 신기하고 좋았아여!	0	1	1	3	0
굳	0	0	0	0	0
분위기 좋음	0	0	0	3	0
여자 알바 단언컨데 살면서 가본 카페 중에 제일 불친절 퉁명스럽다 싶을 정도네요 기분 나쁜일 있었나…같이 간 친구들도 메뉴 물어보다가 당황했어요	0	0	0	1	0
사람이 많음!	0	0	0	1	0
부산에서 서울로 왔다는 ‘PO TID’ 외관부터 남다른,, 해리포터 분위기 물씬나던 곳. 음료와 쿠키 맛도 좋았음!	0	0	3	2	0
꼭 마법의 집에 들어온 것 같았어요. 분위기 대박🙆‍♀️❤️ 쿠키도 맛있어용	0	0	1	4	0
음료도 다양하고 쿠키도 맛있어요	0	1	0	3	1
조아용	0	0	1	0	0
분위기가 너무 좋았고 아이스 차에 얼음 안들어가고 차갑게 나온 것도 너무 좋았어요!!!	0	0	2	3	0
맛있어요~	1	0	2	0	0
친절합니다 	0	0	2	0	1
친절해요	1	0	4	0	0
분위기 괜찮구 음료도 맛있었어요! 대신 저녁 되니까 엄청 시끄러웠다는 🥲	0	0	1	0	0
분위기좋아요😍😍😍	0	0	3	1	1
좋아요	0	0	0	1	0
…	0	0	0	0	0
좋아요	0	0	3	0	0
주문하고 나오기까지 30분 이상 걸려요..	0	0	0	0	0
분위기조아요	0	1	1	1	0
쿠키 마싯서요	0	0	2	0	0
그냥 쏘쏘	0	0	0	1	0
굿	0	0	1	0	0
굿	0	0	0	0	0
굳	1	0	0	0	0
맛 평이함 인테리어 좋음 사진 잘나옴 계단밑에 해리방 컨셉으로 꾸며둔곳 실제 원서 전공책들있어서 웃김 ㅋㅋㅋㅋ	0	0	0	3	0
아늑한 느낌이 좋은 카페입니다.	1	0	1	2	0
좀 비싸지만 해리포터 분위기 나서 너무 좋았어요!	0	0	0	2	0
해뤼포터갬성 구웃	0	1	1	2	1
카페 분위기가 너무 좋아요!	0	0	1	1	0
굿	0	0	2	0	0
굿	0	0	0	1	0
쿠키가 맛있어요~	0	0	0	0	0
좋아용	0	0	0	1	0
테마카페치고 가격도 적당하고 해리포터 테마가 너무 이색적이고 신선했어요! 친구들 자주 데려올것같아요! 쿠키는 맛있으면서도 먹으면서 칼로리 걱정,,,ㅋㅋㅋ 직원분도 너무 친절하세요 갈때마다 만석,,좌석도 많고 편해서 좋은것같지만 공부하기엔 좀 어두운것같아요	0	0	0	0	0
배경음악, 인테리어 좋아요~ 의자도 편하구요.	0	0	1	3	0
커피 맛있어요	0	0	1	0	0
좋아요	0	0	0	0	0
좋아요	0	0	0	0	0
분위기 좋아요!	0	0	0	0	0
해리포터 음악 나와서 좋았네용	0	0	0	0	0
커피가 맛있어요.	0	1	1	0	1
좋아요	0	0	0	2	0
쿠키 맛있어요 ~	0	0	0	0	0
좋아요	0	0	1	0	0
ㅇ	0	0	1	2	1
넓어서 자리 걱정을 안해도되어서 좋아요 : ) 쿠키랑 커피도 맛있어요!!!	0	0	0	0	0
비싸기만하고 해리포터 구경할거리가 별로 없음 홍대까페가 더 구경하기 좋다	0	0	0	0	0
쿠키 맛집💘	0	0	1	0	0
굳	0	0	0	0	0
해리포터팬 필수!	0	0	0	2	0
쿠키 맛집	0	0	1	1	0
쿠키 바삭 따듯해서 맛있어요 아이스크림이랑 먹는건 국룰!	0	0	0	0	0
ㅇ	0	0	0	0	0
BGM👍🏻👍🏻	0	0	1	0	0
해리포터 분위기ㅋㅋ좋아요	0	0	0	0	0
쿠키 체겨 존맛	0	0	0	0	0
해리포터 생각나고 분위기 좋아요	0	0	0	0	0
ㅇ	0	0	0	0	0
해리포터 분위기 너무 좋고 밀크티랑 쿠키도 맛있어요	0	0	0	0	0
분위기도 좋고 쿠키도 완전 맛있네용	0	0	0	0	0
좋아요	0	0	0	0	0
좋아용^^	1	0	0	0	0
카페 짱넓고 예뻐요. 사장님 친절하세요	0	0	0	0	0
분위기맛집 인테리어맛집 메뉴맛집... 들어가자마자 쿠키굽는 냄새에.. 추가로 뭐 안 시키는데;; 쿠키도 시켰네요ㅠㅠㅋㅋ  분위기도 좋고 머그잔도 따로 주문하신건지... 카페분위기랑 너무 잘 어울려요~! 메뉴도 만족합니다! 신촌가면 또 찾아가고싶어요^^	0	0	0	0	0
맛잇고 재밋고	0	0	0	0	0
ㅇ	0	0	0	0	0
카페 곳곳이 포토존. 아주 이쁜곳. 쿠키도 맛있음	0	0	0	0	0
해리포터 좋아하는 사람들에게 추천 헤이즐넛 커피도 맛있어요	0	0	0	0	0
굿	0	0	0	0	0
넘 넘 좋아요ㅠㅠ 분위기도 완전 마음에 들고 쿠키가 너무 맛있어요ㅠㅠ 아메리카노도 고소하고 좋아요 짱짱 완전 추천!!	0	0	0	0	0
존마탱	0	0	0	0	0
분위기 굿! 쿠키 맛나용	0	0	0	0	0
쿠키 맛잇뜸	0	0	0	0	0
ㅇ	0	0	0	0	0
외관보고 너무 해리포터가 생각나서 들어갔어요~ 카페 느낌은 빈티지 캐주얼의 영국스러운 그런 느낌ㅎㅎ 분위기는 괜찮았는데 손님이 많아서 좀 소란스럽더라구용ㅜ 사람 없을 때 가면 좋을 것 같아요!	0	0	0	0	0
굿	0	0	0	0	0
매장이 너무 어두웠지만 분위기는 좋음	0	0	0	0	0
카페 분위기도 좋고 메뉴도 맛있어요	0	0	0	0	0
친절하고 분위기좋고! 오래오래하셨으믄ㅜㅜ	0	0	0	0	0
생각보다 넓어서 놀랐고요! 뭔가 해리포터 생각나는 분위기 있는 곳이에요 사장님이 스윗하시고 쿠키도 스윗해요 ; )	0	0	0	0	0
#신촌 #아이스크림 #아늑 #해리포터 신촌 포티드 해리포터 삘링! 숨어있는 문을 여는 순간 다른세상으로 온 느낌 :) 분위기 있고 좋아요! 쿠키도 직접 구우심!	0	0	0	0	0
굳	0	0	0	0	0
쿠키가 미쳤읍니다 아이스크림은 꼭 추가하세요	0	0	0	0	0
쿠키쿠키쿠키쿠키쿠키쿠키쿠키쿠키드세요 초코피칸캐슈넛하고 화이트처코마카다미아 먹어봤는데 무겁고 재료많이들어가있고 아메리카노세트 포장하면 5500원이예요 혜자혜자	0	0	0	0	0
쿠키맛있어요	0	0	0	0	0
친절합니다	0	0	1	1	1
좋아요	0	0	0	0	0
아메리카노 + 쿠키  + 아이스크림 추가해서 먹었는데 세상 맛있어요...!!!!! 자리도 편안하고 ㅜㅠ 분위기도 넘 좋아요!	0	0	0	0	0
분위기 좋고 맛도 조아오 쿠키 짱 크고 존맛	0	0	0	0	0
예뻐요	0	0	0	0	0
분위기가 너무 좋아요ㅎㅎ 사장님이 친절하시고 쿠키가 미쳤어요	0	0	0	0	0
인테리어가 독특하고 멋있어서 좋아요 커피도 맛있고 사장님도 친절하셔서 좋아요~ 다만 제가 앉았던 테이블에 의자가 좀 덜컹거려서 조금 불편했고 화장실 앞 바닥 부분?이 뭔가 밟으면 덜커덕거리는게 있어서 모르고 세게 밟으면 소리가 크더라구요 그래서 사람들 지나다닐때마다 갑자기 큰 소리에 놀랄때가 있었어요 전체적으로 분위기 좋고 괜찮았습니다 쿠키 냄새가 장난아니던데 다음엔 쿠키도 꼭 먹어보려구요	0	0	0	0	0
사장님 너무 친절하시고 가게인테리어도 예뻐요 가게가 넓직하고 아직 안알려져서 사람들 많이 없네요! 개인작업하기도좋습니다	0	0	0	0	0
#신촌맛집 #부산맛집 이사오심 완전 완전 좋음!!  분위기 사랑함	0	0	0	0	0
쿠키가 진짜 맛있어요!! 분위기도 해리포터 느낌나구 데이트하기 좋은거 같아요 왕추천	0	0	0	0	0
맛있어요!!! 분위기가 호구와트에 와있는 느낌이에요!!	0	0	0	0	0
분위기도 좋고 너무 맛있어요	0	0	0	0	0
더블초코쿠키 꼭 드세요	0	0	0	0	0
쿠키조금비싸지만맛있어요 신촌에 가게 넓은 개인카페 많지않은데 여긴 넓어서 답답하지않아좋아요	0	0	0	0	0
굿	0	0	0	0	0
대박 ㅠㅠ 쿠키 넘 맛있어요 쿠키랑 아인슈페너 같이 드세용	0	0	0	0	0
분위기 맛 다 좋아요	0	0	0	0	0
분위기 너무 예쁘고 쿠키가 존맛탱이에요	0	0	0	0	0
양이 진짜 많아요! 분위기도 좋고	0	0	0	0	0
사장님 친절하시고 분위기도 좋고 맛도 좋아욯ㅎㅎㅎㅎ	0	0	0	0	0
분위기가 너무 좋아용!! 내부에 자리도 많아요	0	0	0	0	0
해리포터 느낌의 카페	0	0	0	0	0
#신촌쿠키맛집 솔직히 쿠키가 너무 맛있어요 단점은 자리가 늘 차있어서 찾아왔는데 발길 돌려야되는 경우가 많다는 점이에요. 식사 후 오려면 자리 없을 각오 하고 오셔야 할 정도에요ㅠ	0	0	0	0	0
해리포터컨셉이라기에는 뭔가 부족하지만 분위기는 좋아요	0	0	0	0	0
분위기가 좋아서 또 왔어요! 사람들이 너무 많아 자리가 없어 원하던 시간대에는 못 갔지만 쿠키가 맛있어요ㅠ	0	0	0	0	0
사장님이 친절하시고 좋아요	0	0	0	0	0
넓고 예쁘고 그냥 혼자 다하는 곳...♡ 헤헤 가장 예쁜 자리 앉아서 너무 좋았어요♡♡♡	0	0	0	0	0
인테리어가 너무 예뻐요	0	0	0	0	0
신촌에 이런공간이 생겼다니 놀랐어요! 봤을때는 뭐지? 싶었는데 들어가니까 완전 다른세계! 조용하고, 테이블 구조도 마음에 들었어요ㅎ 저만 알고 싶은 카페!! 맛도 좋고, 재방문 200%	0	0	0	0	0
좋아용	0	0	0	0	0
조금 어두운거만 빼면 좋아용	0	0	0	0	0
맛도 좋고 분위기 너무 좋아요	0	0	0	0	0
사장님께서 너무 친절하세요 :-)	0	0	0	0	0
ㅇ	0	0	0	0	0
굿	0	0	0	0	0
분위기 너무 좋고 여유롭고 커피 쿠키도 맛있어요^^	0	0	0	0	0
맛있고 분위기 좋네요~~	0	0	0	0	0
분위기 좋아요	0	0	0	0	0
좋아요	0	0	0	0	0
좋아용	0	0	0	0	0
친절해요	0	0	0	0	0
좋아요	0	0	0	0	0
굿	0	0	0	0	0
카페 분위기가 엄청 영국스러워요. Bgm선곡만 잘해주시면 좋을듯ㅎㅎ 아이스크림과 같이 먹는 크키는 쏘쏘. 그냥 쿠키만 시켜도될듯요	0	0	0	0	0
손님이 끊임없이 오더라구요. 라임스윗민트(6800)와 피스타치오우유(6800) 먹었는데 제 입맛에는 의외로 치스타치오가 더 맛있었어요ㅎㅎ라임민트가 상큼하니 좋을 것 같아서 제가 시켰는데 오히려 피스타치오를 더 먹었네요ㅎㅎㅎ종류가 많아서 기호에 맞게 시킬 수 있어 좋았어요. 아쉬운점은 주말에는 사람이 너무 많아 가게 특히 1층이 복작복작한 것과 계속 있다보면 추워서 손발이 좀 시렵더라구요ㅠㅠ 뭐 이건 부수적인거니까 디저트만 보고 가신다면 만족하실 것 같아요😊	0	1	2	0	0
매장 넘 아기자기하고 이뿌요😍 포장해 집에서 먹었뉸데, 타르트지가 좀 탄맛이 나더라구요ㅠㅠ  그래도 위에있는 크림이 넘 존맛탱이라 다먹었어요ㅋ 얼그레이가나슈타르트가 그 중 최고였습니다👍👍  사장님도 너무 친절하시고ㅠ  번창하시길🙏	0	0	2	0	1
매장에는 자리가 없어서 테이크아웃했어요~ 파이 크기가 생각보다 작어요  그래도 맛있어서 가끔 사먹으러갈거같아요 로투스랑 얼그레이가나슈 스콘샀는데  얼그레이가나슈가 제 취향이었어요!	0	0	2	0	0
 얼그레이를 그렇게 좋아하지 않는 편인데도 밑의 가나슈와 너무 잘 어울려서 정말 맛있었습니다!   진짜 초코의 깊은 맛이 느껴져서 계속 가나슈 맛있다는 말만 연발했습니다!   신촌 맛집이라더니 조금 늦은 시간에 갔는데도 손님이 계속 왔고 자리도 없었는데 우연히 자리가 나서 맛있게 먹고 왔습니당~!	0	0	1	1	0
사람이 정말 많아서 바빠보이셨는데도 친절하시고 매장도 예뻐서 자주 생각날 것 같아요. 파이랑 케이크랑 스콘이랑 도장깨기 하고싶은 곳!	0	1	1	3	0
<두번째 방문 후기>  이번에는 매장에서 바나나치즈랑 커피 먹었어요! 2층은 처음 가봤는데 넓고, 이쁘고 아늑하니 좋았어요. 은근 자리 많아서 매장 내 취식하기 좋았구요.  다만 초파리가 자꾸 달라붙어서 케익 1/2 이상 못먹구 반납 ㅜㅜ  여튼 역시 맛은 최고!!(제 입맛에는요)   얼그레이 가나슈,로투스카페오레 파이랑 헤이즐넛 초코쿠키는 포장해왔어요.  얼그레이 가나슈가 유명한데 저번에 못먹구 이번에 포장해서 집에서 먹었는데 맛있네용!!  쿠키는 평범한 딱 아는 맛있는 맛 ㅎㅎㅎ 앞으로도 방문 또 할겁니당😊😊😊	0	0	2	1	0
찐 파이맛집이에요!!ㅎㅎ 신촌왔다가 들리게 되었는데 인테리어도 아기자기하고 파이랑 디저트 종류가 다양해요!! 레몬머랭파이 상큼하고 정말 맛있어요.	0	0	3	1	1
파이홀 예전부터 엄청 유명하던데 이유가 있었어요!! 파이도 따로 제작해주시는 거 선물 받았었는데 매장에서 파시는 것도 넘넘 맛있네요!🫶	0	0	2	1	0
말차 가나슈 타르트인가? 먹었는데 맛있었어요~~!! 생각보다는 크기가 조금 날렵하긴 해요 ㅎㅎ  그래도 타르트 종류가 많아서 골라 먹기는 좋았어요 !   커피 얼음도 대부분의 다른 카페랑 다르게 조각 얼음이라서 너무 좋았어요~~!! 	0	0	1	0	1
평일 낮12시 조금전에 방문하니 저희까지 세 테이블 있었구요  애플생크림스콘은 생크림이랑 애플잼을 따로주셔서 전 더 좋았구용 스콘은 데워주시는데 겉바속촉은아니고 그냥 말랑?그런 식감이구용 얼그레이가나슈는 생초코에 얼그레이크림 먹는거 같았어요~요건 달아서 단거 좋아하시면 좋을것같아요~꾸덕하다는 리뷰가 많았는데 전 생초코 먹는거같았어요~!! 음료는 1인1음료 필수가 아니라 좋았구요 디카페인 가능해서 좋네요^^	0	0	1	0	0
레몬에이드에 진짜 레몬을 넣었나요? 엄청 새코롬하고 레몬 맛이 강해요👍. 레몬머랭은 특이한 맛. 얼그레이가나슈는 왜 스테디인지 알거같은 맛! 진짜 이쁘고 사람도 많아요.	0	0	0	1	0
맛있어요:) 사람들 많아서 좀 시끄러워용🥹	0	0	1	2	0
추천받아서 간건데 케이크가 맛있어요~ 	0	0	1	0	0
2층 처음 올라가봤는데 넓어서 좋아요. 다양한 파이를 맛 볼 수 있어서 좋아하던 곳이고 개인적으로 레몬머랭 최고라고 생각합니다.	0	1	1	2	0
항상 맛있습니다. 미시시피머드 최고..ㅠㅠ	0	0	2	0	0
우울했는데 기분 좋아져용 달달하네요🍫 미시시피머드 6,800원	0	0	1	0	0
리뷰가 많아서 와봤는딩! 파이회전율이 빠르고 파이는 평균 7천원정도에용! 아아는 4천원! 디저트 조아하면 한번 와볼만한거같아옹	0	0	1	0	0
디저트 종류가 많아서 좋아요. 바닐라치즈케이크는 조금 아쉬웠어요	0	0	1	2	0
파이홀은 여러가지 파이들을 접해볼 수 있어서 좋아요. 이번엔 메이플 피칸 파이를 선택했는데 담백한 맛이 좋았어요.	0	0	3	2	0
레몬머랭 파이를 먹고싶었는데 앞에서 딱 품절돼서 못먹었어요😭 펌킨파이에서 특이한 형신료 맛이 느껴졌는데 맛있었어요! 티가 좀 남아서 테이크아웃 잔에 담아달라고 요청드렸는데 아예 새로 한 잔을 만들어주신 것처럼 가득 채워주셔서 놀랐어요😮	0	0	1	0	0
오레오 말차 타르트 찐하고 꾸덕하니 완전 맛잇어요ㅎㅎ 말차 쿠키도 맛잇어용 녹차덕후라 제 단골 최애 카페에요👍 내부 인테리어도 아기자기 귀엽고 빈티지해요	0	0	2	0	0
시킨메뉴 하나도 빠짐없이 다 맛있어요 달콤한 디저트랑 먹기에는 커피가 조금 연하긴 한데! 특히 얼그레이 초코스콘이 맛있네요	0	0	4	0	0
파이가 너무 맛있어요ㅠㅠ 생각보다 파이 크기가 크고 가니쉬로 생 크랜베리를 올려주시네여 대박이져...가격도 너무 착하네여 또 가고 싶은 카페입니다.	1	0	2	1	1
맛있지만 피칸파이 너무 달고, 바쁘셔서 손님 응대에 미흡한 것 같아요 ㅠ ㅠ ..! 그러나 1,2층 자리도 많고 공간도 예쁘게 잘 되어 있어 재방문의사 있습니다 ~	0	0	1	0	0
사진맛집♡ 맛집♡ 	0	0	1	2	0
라떼 맛집 ☕️  디저트 맛집인데 음료가 더 맛있게 느껴지는 건 기분 탓인가요? ㅎㅎ 다른 곳에 비해 덜 달아서 더 좋은데 어째서 메뉴가 거기서 거기인 느낌 😭 케익 종류가 좀 더 다양했으면 좋겠어요,,, 	0	0	1	1	0
진정. 파이 맛집이네요  굿~~~~~~~~~~~~  서울온 보람 느껴요	0	1	2	2	0
파이 타르트 맛있다는 유명한 집!!!! 저녁에 가니 몇 종류는 품절이라 아쉬웠어요 필링 두툼하고 thick 해서 꽉 차는 맛 ㅋㅋㅋㅋ 사람도 진짜 많아요	0	0	1	3	1
디저트가 맛있는 집이지만 티 종류도 장난없어요 타이라임티는 다른 곳에서도 마셔본적없는 상큼한 맛인데 먹으면 행복해집니다🕺🏻	0	0	2	1	0
얼그레이가나슈 여기가 최고 독보적이에요 진짜 짱 한 입 먹으면 삶의 질 즉각 향상 행복 지수 업	0	0	1	0	1
파이맛있어요 개인적으로 에그파이보다는 일반파이가 더 특색있고 맛있는 거 같아요  아아메 필수에요	0	0	3	0	0
블루베리먹었습니다. 따듯하게 데워주셨는데 블루베리가 큼지막 하게 있어서 과일맛을 느끼고 싶으면 안 데워도 될 것같아요! 블루베리 알겡이가 이렇게 큰 파이 처음봤어요ㅋㅋ 사진으로 보이다 싶이 블루베리가 그대로 들어가있습니다 그리고 이게 물리 않을 정도로 달아요! 너무 달면 물려서 안먹는데 이건 상큼 달달이라서 계속 먹는 것같아요! 종류가 많으니 엄청 달달한거 드시고 싶으신 분은 다른 종류의 파이도 추천드려요 아까 보니깐 다 맛있어 보이더라구요! 2층까지있어서 넓어요! 인테리어도 아기자기해서 데이트 장소로 추천드려요!!!👍	0	1	1	0	1
크러스트는 제 스타일이 아니지만 케이크가 너무 예쁘고 꾸덕해서 좋아요. 저번에 시켰던 브라우니가 진짜 맛있었는데 이번엔 없더라구요ㅜㅜ 매번 메뉴가 바뀌나봐요. 원하시는 메뉴가 있으면 방문하시기 전에 매장에 문의해보고 가면 좋을듯 해요	0	0	1	3	0
인테리어가 아기자기해서 예쁘고 디저트도 맛있었어요!	0	0	1	1	0
2012년부터 방문한 제 마음속 너무 아끼는 맛집인데, 오랜만에 와보니 2층까지 확장하구 너무 좋네요! 사장님 오래오래 베이킹 해주세요! 진짜 여전히 너무 맛있구 변하지 않는 맛이라 좋았어요. 다음에 또 올게요!	0	0	3	2	0
오레오말차가 진짜 맛있어요!̆̈ 로이스 초콜릿 ? 느낌 나고 꾸덕 달달.... 에그타르트 먹고 싶었는데 없었어요 ㅠㅠ 오레오말차 먹으러 또 가고 싶어요	0	0	1	1	1
신촌 디저트 맛집이라고 할 수 있을 것 같네요. 대학가에 오랜기간 자리를 유지하고 있는 디저트카페. 디저트와 음료 모두 특색있고 전반적으로 맛있어요. 최근에 화장실도 수리해서 다 매장과 화장실 모두 깨끗하고 쾌적해요! 데이트 코스로 제격인 것 같아요.ㅎㅎ	0	2	1	1	0
신촌가면 무조건 들리는 곳 	0	0	1	2	1
파이홀~~ 신촌 디저트카페로 유명한데요~~ 8년전쯤 한번가보고 안갔었는데 그 사이 메뉴도 맛도 놀랍게 변했네요~~^^  얼그레이가나슈~~ 커피도 독특한 라임티도!! 모두 맛있어요~~	0	0	3	0	0
지금까지 얼그레이 가나슈, 라임애플민트, 펌킨 파이 먹어봤는데, 다 맛있지만 펌킨 파이가 진짜 맛있어요. 적당히 달면서 호박의 고소한 맛이 풍부하게 납니다.	0	0	2	1	0
파이는 맛있었는데 음료가 셨어요..ㅠ 글고 2층은 친구 목소리가 잘 안 들릴 정도로 시끄러웠네요ㅜ 다행히 1층에 자리가 생겨서 1층으로 내려왔어요..! 다음에는 다른 파이 먹으러 오고 싶네용 ㅎ	0	1	1	3	0
오늘따라 파이 조각이 얇아보이는 건 기분탓일까요?…🥲 늘 그렇듯 맛있었지만 사이즈가 아쉬웠어요🥺	0	0	1	0	0
파이가 역시 맛있어요👍👍	0	1	3	1	0
여기 디저트는 정말 말이 필요없어요! 신촌에 오래 오래 있어주세요 :)	0	0	2	0	0
생각보다 넓고 파이 종류도 다양해서 좋아요.   💟얼그레이가나슈 크림부드럽고 초코쫀득합니다. 쫀쫀하고 얼그레이크림과 진한초코가 조화로워요. 부드럽게 안에 크림 몽실하다가 찐득하게 초코가 따라옵니다.  💟화이트과일치즈 요거트 크림치즈라서 상큼상큼합니다. 과일 듬뿍 신선하고, 조화로워요. 부드럽게 녹습니다. 파이지 바삭바삭하고 입가심하기 딱이에요.	0	0	3	1	1
파이 종류가 다양하네요~ 좋아요	0	0	2	0	0
케잌들이 하나같이 예쁘고 맛있어요..💗	0	0	2	2	0
7시 조금 넘어서 갔더니 품절된 메뉴들이 생기고.. 8시에는 거의 다 팔렸더라구요!!!  파이랑 쿠키 진짜 맛있으니까 일찍 가서 드시는걸 추천합니다.  매장 2층이라 넓어요~*^^*	0	0	2	1	0
레몬머랭 주문했습니다 상큼하니 달달한 레몬크림에 바삭한 타르트가 잘어울리고 맛있었어요 인테리어도 멋지고  2층까지 있는데 넓고 쾌적해서 좋았어요	0	0	2	0	0
플레이팅도 예쁘게 해주시고 맛은 레몬 갈아 넣은 듯해요! 에피타이저로 즐기기 좋고 고소한 커피와 함께라면 찰떡일 것 같습니다	0	2	1	1	1
다양한 디저트 맛집	0	0	0	1	0
대박 맛있습니다... 한통 사갈뻔했어요	0	0	2	0	0
맛으론 최고 건강을 위해 자제하는 곳 ㅎ 	0	0	1	1	1
이층도 생겨서 조아용ㅎㅎ	0	0	2	1	0
언제 먹어도 맛있는 파이홀💙	0	0	2	0	0
오레오 말차 케이크 완전 꾸덕하고 맛있어요!! 어떻게 말차랑 오레오를 섞을생각을 한건지 ㅜㅜㅜ 밀크티는 그냥그런 맛, 데자와같은 맛이었고 레몬에이드는 정말 맛있어요 신거 좋아하면 강추!! 가게 인테리어 예쁘고 사진 찍기 좋아요	0	0	3	2	0
장소가 넓고 디저트 다 맛있어요!	0	1	1	3	0
존맛탱 ,, 믿고 먹는 파이홀 ...  초코는 꾸덕달달이라 단거 못드시는분은 아메리카노 필수! 아니여도 같이 먹음 맛있어요 커피도 쓰지않구 맛있네용  서울올때마다 꼭 갈거임 ㅠㅠ  FROM. 슬픈 지방러	0	1	2	2	0
맛있었어 집에 사왔어요! 	0	0	1	0	0
형 고마워 미국에서 만나 : )	0	0	2	1	0
신촌 첨가보는데 왜 다들 디저트는 파이홀이라는지 알겠어요ㅎ 빵이 촉촉하고 크림이 안느끼해요.  라임머랭?이랑 제철과일은 좀 시고 로투스는 한번 먹어본걸로 만족.  근데 에그파이가 도른놈임.. 에그타르트 따귀 때리고디저트계를 평정할놈.. 포장해오고 싶었는데 다팔림ㅠ	0	0	1	0	0
대화하기 좋고 디저트 맛있어요 !!	0	0	1	1	0
케익 맛잇어요!! 커피는 그냥그냥 매장도 예쁘고 2층도 잇어요	0	0	1	2	0
펌킨이랑 에그파이가 젤 맛있어요!	0	0	1	0	0
신촌에서 조각케익 먹기 좋아요~ 젊은감성 뿜뿜	0	0	2	1	0
이거 먹으려고 신촌옵니다. 사람이 너무 많아서 자리잡기가 힘들지만 파이는 여기가 최고예요. 정말 맛있습니다. 	0	0	2	0	0
사람은 많지만 친절하시고 인테리어도 예뻐요. 타르트는 역시 너무 맛있네요!	0	0	3	1	0
너무 맛있어요 :) 사진은 밀크비스킷초코파이입니다. 개인적으로 과일 들어간 메뉴가 최애지만 이것도 달달하니 넘나 맛있네요.	0	1	1	1	1
얼그레이파이 미친놈 처음 가는 친구 있으면 꼭 데리고 가요 신촌 디저트맛집입니다	0	0	2	0	1
진하고 꾸덕한 파이 좋아요~자주 올께요	0	0	2	0	0
인테리어 개편하고 진짜 예뻐졌고 디저트는 원래부터 맛있었어요 호호	0	0	1	1	0
포장도 잘해주시구 파이가 넘 먹음직스러워보였어요 	0	0	1	0	0
사람이 너무 많아서 포장했어요	0	0	1	0	0
파이 진짜 너무 맛있어요... 직전에 밥먹고 온거라 배불러서 한조각밖에 못 먹었는데 아쉽네요 디저트로 조금 말고 식사로 왕창 먹고싶은 맛!	0	0	4	1	0
새 메뉴들이 반갑네요! 맛있어요!!!	0	0	2	0	0
대1(16년)부터 꾸준히 가는 단골 파이집🍮리모델링 하고는 포장만 하다 올만에 가게 왔어요~! 2층 넓고 좋네용!☺️ 보통 와서 타이라임티만 먹다가 바닐라라떼 시켰는데 디카페인이 벌ㅆㅓ 소진됐다구..(평일4시)🥲.. 그냥 마셨는데.. 스벅 스타일 바닐라라떼 좋아하는 분들은 별로일수도있어용 시럽 맛이 좀 달라서..! 다음엔 그냥 타이라임티 마실려구용~ 파이는 늘 그렇듯 맛있고 요즘 쿠키도 미쳤어요 헤이즐넛초코 먹었는데 달달구리 대존밋탱 흑임자쿠키도 완전 찐하고 맛잇어여 다음엔 녹차마카다미이 쿠키 먹어야지🍪 우헤헤😀	0	0	2	0	0
진짜 거짓말 안하고 여기 디저트 다 맛있어요!💚개인적으로 자극적인단맛을 좋아하지않는입맛이에요 그래서 특히 스콘이랑 파이 적극 추천해요!!👍👍선물용으로도 좋구요	0	0	3	0	1
ㅇ	1	0	2	1	0
특이해요. 라즈베리 파이는 글쎄입니다.	0	0	1	0	0
레몬파이 맛있어요💗	0	0	1	0	0
진짜 인생 맛집. 쿠키도 파이도 맛있어요.	0	0	2	2	1
얼그레이 가나슈가 젤 유명하댔는데 전 너무 달았어요ㅠㅠ 오히려 펌킨이 졸맛!	0	0	1	0	0
파이지가 기름지지않고 담백하고 크림도 진하고 맛있어요	0	0	1	0	0
파이 너무 맛있어요,,	0	0	1	1	1
파이들이   너무 달지 않아 디저트로 딱!	0	1	0	0	1
너무 맛있어요. 단골이에요!	0	0	1	0	0
펌킨파이, 미시시피초코파이, 솔티드카라멜 라떼(ice), 아아 주문, 매장내 식사.  진짜 진짜진짜 맛있어요. 파이 완전미쳤어요 ㅜㅜ  둘이 갔지만 일행은 배불러해서 저 혼자 파이 2개 싹쓸이... 여기원래 얼그레이파이가 유명하다던데 오늘은 없더라구요  나중에 꼭 도전해볼래요  파이 말고도 쿠키 및 에그타르트도 있던데맛나보였어요	0	0	2	0	1
완전 맛있어요 수년째 찾고있는 추억의 맛집	0	0	4	0	0
맛있네요 	0	2	2	1	0
여자친구랑 왔는데 디저트랑 음료들이 맛있어용☺️ 다만…화장실이 남녀 공용인데 화장실 외부문을 잠그지 마세요 문구가 있어서 그냥 닫아두고 볼일을 보는데 동성이면 상관없지만 볼일 처리하고 문 여는데 이성이 있으면 많이 민망한 상황이 생기네요🥹 외부문을 잠그도록 문구를 삭제하심이 어떨까 싶습니다ㅠㅠ 번창하시고 많이 파세요😆	0	0	1	2	1
너무맛맀어요 	1	0	1	2	1
맛있었어요 디저트 비쥬얼도 이쁘고 :)	0	0	1	0	0
오랜만에 찾았는데 역시나 좋았어요!! 타르트 짱맛👍	0	0	2	2	1
이 곳의 파이는 특별합니다	0	0	3	1	1
카페 다니면서 겉만 이쁘디 맛있다 느껴지는 디저트 많지 않은데 여긴 맛있어요^^ 신촌 올일 있으면 또 올게요	0	1	1	1	1
신촌가면 꼭 들리는 파이 맛집! 	0	0	1	0	0
레모네이드 맛있어여,, 마이 페이보릿은 미시시피머드초콜릿입니다.	0	0	2	1	0
쿠키가 맛있어여엉!!!	0	0	1	1	0
얼그레이가나슈 존. 맛.  근데 먹다보면 너무 달아서 아메리카노랑 먹어야해용 ㅎㅎㅎ 	0	0	2	0	1
말차오레오는 너무 달았는데 피스타치오우유는 진짜 맛있네요 	0	0	1	0	0
7년째 단골인데 리뷰는 처음남겨요. 파이종류 다 특별하고 맛있어요!! 예쁜 매장에 여유로운 음악까지, 기분좋아지는 공간이에요. 단호박치즈케이크가 매번없어서 꼭 다시 먹고싶네요..!	0	1	3	1	0
디저트가 너무 맛있어요...!	0	0	3	0	0
홍차레이디 티는 약간 싱거워요.... 타이라임티도 뭔가 맛이 특이한데 먹다보면 은근 맛있어요! 쵸콜릿 케이그가 정말 맛있어요! 엄청 달지도 자극적이지도 않고 맛있습니다😋 과일치즈 케이크도 맛있어요😍	0	0	1	0	0
얼그레이가나슈렁랑 바나나치즈 맛나요	0	0	1	1	0
얼그레이가나슈가 향이 진하고 초콜릿은 꾸덕해요!	0	0	1	0	0
조금 더 폭신한 식감이었으면 좋았을것같아요 다음엔 쿠키말고 케익을 먹어보려구요~	0	0	1	0	0
우연히 들렀는데 핫플느낌 1층카페인줄 알았는데 2층있음  인테리어랑 소품들 구경하는 맛이있음 주말에 사람많고 어떤 테이블은 흔들려요 그래도 커피맛좋고☕ 디저트도 만족🍪	0	0	2	2	0
언제나 아끼던 곳이었는데 졸업하고 오랜만에 가니 인테리어가 새 것이 되었지만, 여전히 따듯한 공간이네요. 🙂	0	0	2	0	0
처음 먹어봤는데 너무 맛있었어요!	0	1	1	3	0
레몬머랭파이 너무 좋아요 울집 앞에도 생겼으면 좋겠어용	0	0	2	1	1
타르트 엄청 좋아하는데 레몬머랭과 코코넛크림 필링이 너무 맛있었어요!	0	0	1	0	1
최애파이집...사랑해요	0	0	1	0	0
매장이 리모델링 하고 더 예뻐진거 같네요 ! 쿠키도 선물용으로 여러개 샀는데 맛봤더니 엄청 맛있었어요💛	0	0	1	1	0
파이가 진짜 맛있어요 저는 말차 먹었는데 씁쓸한 말차 좋아하시면 잘 맞을듯 근데 친구가 얼그레이 가나슈 시켜서 한 입 먹었는데 이게 젤 맛있어요 다들 얼그레이 가나슈 파이 드세요	0	0	1	1	1
파이가 너무맛있어요~!!!	0	0	2	1	1
피칸파이는 많이 달아요	0	0	3	1	1
파이,종류가 다양해서  좋아요	0	0	3	0	0
파이 맛있는데 직원분들이 좀 불친절 ㅎ	0	0	1	0	0
신촌에 디저트집이 많진않아서 여기 자주 오는데 공사해서 쉬다가 가오픈때 가봤어요 매장은 낡고 먼지 좀 많았는데 지금은 깔끔한것같아요 파이 솔직히 한조각에 6500씩 좀 많이 비싸진것 같아요 파이 새로운거 볼때마다 도전하는 편인데 여긴 로투스만 맛있는것같아요	0	0	1	0	0
신촌 파이 맛집	0	0	1	0	0
타르트 너무 맛있는데 시끄러웠어요 ㅜㅠ 그리구 날이 더웠는데 에어컨을 안켜주셔서 조콤 더웠습니다~~	0	0	4	0	0
파이는 존맛탱인데 자리가 없어요 만석만석임	1	0	1	0	0
리뉴얼 오픈 후 첨 가봤는데 인테리어가 더 멋져졌네요…  파이 너무 맛있어요~ 	0	1	2	1	0
얼그레이 가나슈 짱맛🤟	0	1	2	1	1
녹차오레오랑 얼그레이 제일 좋아해요! 진짜 찐하고 너무 맛있어요!! 주기적으로 생각나는 맛😋	0	0	1	0	0
라임애플민트파이랑 오레오말차가나슈파이랑 에그파이 샀는데 다 맛있었어요! 분위기도 너무 좋았습니다ㅎㅎ	0	1	2	2	0
분위기 좋아요	0	0	1	2	0
손님이 항상 많은 이유가 있네요^^	0	0	1	1	0
유명한데라서 반신반의로 가봤는데 맛있네요~ 	0	0	1	1	0
진짜 너무 너무너무너무너무 맛있어요!	0	0	3	1	0
사람도 많고 파이 종류도 짱 다양해서 취향에 맞게 드시면 될 것 같아요	0	0	3	1	0